#
# TABLE STRUCTURE FOR: media
#

DROP TABLE IF EXISTS `media`;

CREATE TABLE `media` (
  `id` bigint(20) unsigned NOT NULL AUTO_INCREMENT,
  `media_type_id` bigint(20) unsigned DEFAULT NULL,
  `user_id` bigint(20) unsigned NOT NULL,
  `body` text COLLATE utf8mb4_unicode_ci DEFAULT NULL,
  `filename` varchar(255) COLLATE utf8mb4_unicode_ci DEFAULT NULL,
  `size` int(11) DEFAULT NULL,
  `metadata` longtext CHARACTER SET utf8mb4 COLLATE utf8mb4_bin DEFAULT NULL CHECK (json_valid(`metadata`)),
  `created_at` datetime DEFAULT current_timestamp(),
  `updated_at` datetime DEFAULT current_timestamp() ON UPDATE current_timestamp(),
  PRIMARY KEY (`id`),
  KEY `user_id` (`user_id`),
  KEY `media_type_id` (`media_type_id`),
  CONSTRAINT `media_ibfk_1` FOREIGN KEY (`user_id`) REFERENCES `users` (`id`) ON DELETE CASCADE ON UPDATE CASCADE,
  CONSTRAINT `media_ibfk_2` FOREIGN KEY (`media_type_id`) REFERENCES `media_types` (`id`) ON DELETE SET NULL ON UPDATE CASCADE
) ENGINE=InnoDB AUTO_INCREMENT=51 DEFAULT CHARSET=utf8mb4 COLLATE=utf8mb4_unicode_ci;

INSERT INTO `media` (`id`, `media_type_id`, `user_id`, `body`, `filename`, `size`, `metadata`, `created_at`, `updated_at`) VALUES ('1', '1', '1', 'Deleniti et et est laudantium atque. Sint sit qui non eum aut ut et. Sint et tempora quo omnis eligendi enim. Quia voluptatem deleniti voluptatem dolorem vel esse iusto aperiam. Voluptatem impedit placeat id ab soluta provident.', 'hic', 5800928, NULL, '1980-02-19 17:19:50', '2005-07-14 14:31:08');
INSERT INTO `media` (`id`, `media_type_id`, `user_id`, `body`, `filename`, `size`, `metadata`, `created_at`, `updated_at`) VALUES ('2', '2', '2', 'Nihil rerum dolorem labore eos dolores sunt. Totam nihil quaerat ipsum atque quia qui praesentium sint. Sint cum sit laborum. Qui perferendis ipsam sed omnis odio temporibus.', 'quia', 8, NULL, '2018-05-31 02:28:47', '1998-01-02 04:17:05');
INSERT INTO `media` (`id`, `media_type_id`, `user_id`, `body`, `filename`, `size`, `metadata`, `created_at`, `updated_at`) VALUES ('3', '3', '3', 'Error sequi cupiditate sequi necessitatibus qui. Dignissimos delectus ut commodi hic deserunt. Aut tempora ea consequuntur eligendi consequatur culpa. Cupiditate id vitae sequi nostrum laborum nisi quas.', 'et', 342, NULL, '1984-05-12 02:44:03', '1997-03-06 03:32:57');
INSERT INTO `media` (`id`, `media_type_id`, `user_id`, `body`, `filename`, `size`, `metadata`, `created_at`, `updated_at`) VALUES ('4', '4', '4', 'Necessitatibus ut quod exercitationem enim facere. Qui debitis nulla ut eveniet atque. Autem praesentium molestias voluptatem. Et harum quis necessitatibus tempore. Atque sunt in quo autem ab.', 'dolores', 8434, NULL, '2021-04-21 01:44:58', '2017-12-01 06:01:07');
INSERT INTO `media` (`id`, `media_type_id`, `user_id`, `body`, `filename`, `size`, `metadata`, `created_at`, `updated_at`) VALUES ('5', '5', '5', 'Similique eaque fugit ducimus nostrum sit eos minus et. Nostrum a hic et. Culpa sit placeat temporibus consequatur sed aliquid.', 'odit', 996, NULL, '1978-02-14 19:03:38', '1999-05-09 19:11:54');
INSERT INTO `media` (`id`, `media_type_id`, `user_id`, `body`, `filename`, `size`, `metadata`, `created_at`, `updated_at`) VALUES ('6', '6', '6', 'Perspiciatis enim eum at et qui. Officiis ea tempore saepe vitae inventore eius deserunt consequatur. Corporis cumque sed repudiandae voluptas consequatur impedit. Error praesentium sunt eos totam doloremque.', 'debitis', 455382276, NULL, '1975-12-07 03:03:32', '2022-03-08 13:59:42');
INSERT INTO `media` (`id`, `media_type_id`, `user_id`, `body`, `filename`, `size`, `metadata`, `created_at`, `updated_at`) VALUES ('7', '7', '7', 'Qui non dolorem veritatis repellendus placeat omnis consequuntur. Sequi cum dolorem et. Ipsam voluptatem amet laboriosam quo harum explicabo blanditiis.', 'soluta', 826, NULL, '1987-03-13 09:06:17', '1979-11-19 17:42:08');
INSERT INTO `media` (`id`, `media_type_id`, `user_id`, `body`, `filename`, `size`, `metadata`, `created_at`, `updated_at`) VALUES ('8', '8', '8', 'Impedit sapiente ad ut corporis et sit ex autem. Ipsum vel rerum voluptas neque. Aut velit ut rem et iste saepe minima sapiente. Tempore iure mollitia facere ut.', 'et', 7661, NULL, '2018-07-05 10:37:57', '1984-10-04 16:30:15');
INSERT INTO `media` (`id`, `media_type_id`, `user_id`, `body`, `filename`, `size`, `metadata`, `created_at`, `updated_at`) VALUES ('9', '9', '9', 'Quod sunt cupiditate possimus ut id. Quia ad itaque corporis facere deleniti. Eligendi perferendis fuga cum quisquam.', 'dolor', 137512, NULL, '1976-05-22 07:45:55', '2007-05-05 04:32:55');
INSERT INTO `media` (`id`, `media_type_id`, `user_id`, `body`, `filename`, `size`, `metadata`, `created_at`, `updated_at`) VALUES ('10', '10', '10', 'Asperiores aut quis qui voluptatibus molestiae laborum modi ab. Consequatur corrupti occaecati sed. Asperiores omnis iure adipisci officiis corporis deserunt.', 'necessitatibus', 99, NULL, '2011-11-12 21:09:31', '1992-07-13 20:16:49');
INSERT INTO `media` (`id`, `media_type_id`, `user_id`, `body`, `filename`, `size`, `metadata`, `created_at`, `updated_at`) VALUES ('11', '11', '11', 'Nemo illo amet eos quaerat ab itaque. Ullam nobis similique cupiditate distinctio accusantium non. Itaque sed reprehenderit maiores facere totam. Voluptate aut mollitia iste iure.', 'perferendis', 91454150, NULL, '1993-10-26 03:27:27', '1982-06-15 22:51:05');
INSERT INTO `media` (`id`, `media_type_id`, `user_id`, `body`, `filename`, `size`, `metadata`, `created_at`, `updated_at`) VALUES ('12', '12', '12', 'Dicta corrupti est qui reiciendis quos. Sed consequuntur dolores laboriosam error cum. Harum quia iure facere. Iure possimus voluptatibus velit sunt deserunt pariatur qui.', 'ipsam', 59, NULL, '2019-10-24 07:35:19', '1985-04-26 04:42:40');
INSERT INTO `media` (`id`, `media_type_id`, `user_id`, `body`, `filename`, `size`, `metadata`, `created_at`, `updated_at`) VALUES ('13', '13', '13', 'Error ut tempora eos quaerat et. Soluta eum voluptatem molestias ad eum autem recusandae. Placeat expedita nemo eveniet repellendus iste assumenda accusantium libero.', 'odio', 386, NULL, '2018-08-26 10:58:23', '2003-02-07 21:09:17');
INSERT INTO `media` (`id`, `media_type_id`, `user_id`, `body`, `filename`, `size`, `metadata`, `created_at`, `updated_at`) VALUES ('14', '14', '14', 'Culpa et ut aliquid tempore aut. Qui perferendis quia laudantium eligendi. Saepe dolor magni consequatur fuga eum. Deserunt eligendi quia quae veritatis soluta omnis quae.', 'ut', 975984, NULL, '2020-11-25 03:14:23', '1986-02-25 00:23:15');
INSERT INTO `media` (`id`, `media_type_id`, `user_id`, `body`, `filename`, `size`, `metadata`, `created_at`, `updated_at`) VALUES ('15', '15', '15', 'Perferendis alias velit voluptatem blanditiis. Sint expedita nihil non eum voluptates aut ut. Architecto quibusdam praesentium dolores. Numquam hic rerum velit reprehenderit non quasi.', 'sit', 62187921, NULL, '2008-10-22 08:02:56', '2012-05-23 22:43:55');
INSERT INTO `media` (`id`, `media_type_id`, `user_id`, `body`, `filename`, `size`, `metadata`, `created_at`, `updated_at`) VALUES ('16', '16', '16', 'Sit explicabo aliquam blanditiis itaque. Quisquam autem qui exercitationem. Perspiciatis est consequatur et iure cupiditate delectus. Consequatur aut harum omnis iusto ut quibusdam. Expedita velit ducimus inventore ipsam delectus debitis blanditiis veniam.', 'omnis', 198555347, NULL, '2005-01-11 11:53:34', '1981-07-20 16:22:42');
INSERT INTO `media` (`id`, `media_type_id`, `user_id`, `body`, `filename`, `size`, `metadata`, `created_at`, `updated_at`) VALUES ('17', '17', '17', 'Omnis sint similique dolorum. Est fugiat porro ex. Sed non est laborum rerum tempore et repellat. Accusantium harum et qui blanditiis sint necessitatibus voluptatibus. Ipsum quisquam neque dolores est ipsum facilis.', 'ut', 0, NULL, '2017-07-02 15:52:41', '1973-02-05 08:29:22');
INSERT INTO `media` (`id`, `media_type_id`, `user_id`, `body`, `filename`, `size`, `metadata`, `created_at`, `updated_at`) VALUES ('18', '18', '18', 'Necessitatibus est cumque tenetur qui. Magnam asperiores ut illo nam temporibus. Sed maiores ducimus at recusandae.', 'et', 0, NULL, '2016-09-26 07:52:13', '2022-10-14 14:28:33');
INSERT INTO `media` (`id`, `media_type_id`, `user_id`, `body`, `filename`, `size`, `metadata`, `created_at`, `updated_at`) VALUES ('19', '19', '19', 'Harum nam et et ea unde eum. Tempore illum voluptatum quos possimus odit maiores tempora. Sit cum eos consequatur voluptatem est cum est.', 'sapiente', 3003209, NULL, '2009-01-14 06:51:15', '2000-01-24 10:21:12');
INSERT INTO `media` (`id`, `media_type_id`, `user_id`, `body`, `filename`, `size`, `metadata`, `created_at`, `updated_at`) VALUES ('20', '20', '20', 'Quasi reprehenderit modi odio doloremque. Et quibusdam maxime et nobis. Ea eligendi illum odio occaecati delectus.', 'dolorum', 0, NULL, '1999-02-18 10:07:58', '2022-07-09 05:14:17');
INSERT INTO `media` (`id`, `media_type_id`, `user_id`, `body`, `filename`, `size`, `metadata`, `created_at`, `updated_at`) VALUES ('21', '21', '21', 'Et architecto sed deleniti minus impedit. Possimus ea magnam error provident odit voluptates quis. Laudantium quia ut porro non corporis voluptas.', 'iste', 0, NULL, '1987-08-22 05:25:04', '1985-03-18 19:57:41');
INSERT INTO `media` (`id`, `media_type_id`, `user_id`, `body`, `filename`, `size`, `metadata`, `created_at`, `updated_at`) VALUES ('22', '22', '22', 'Et corrupti vero deserunt est. Sint quidem eligendi qui quasi nihil non accusamus eius. Vel aut nostrum aspernatur.', 'quasi', 4, NULL, '2009-12-05 16:47:20', '1996-05-25 17:44:20');
INSERT INTO `media` (`id`, `media_type_id`, `user_id`, `body`, `filename`, `size`, `metadata`, `created_at`, `updated_at`) VALUES ('23', '23', '23', 'Non dolores eligendi eligendi expedita quia optio. Quam nobis quae voluptas maxime. Voluptates ad sunt voluptatibus. Magni ut aut amet repudiandae aliquid id.', 'ea', 5092367, NULL, '1992-08-06 19:53:24', '2012-09-27 06:20:11');
INSERT INTO `media` (`id`, `media_type_id`, `user_id`, `body`, `filename`, `size`, `metadata`, `created_at`, `updated_at`) VALUES ('24', '24', '24', 'Aut ducimus quo optio magni aut rerum. Minus ipsum at aliquam quidem modi ratione. Sit dicta nesciunt ut in. Doloremque aut ut atque culpa ipsam.', 'accusantium', 6996, NULL, '2009-09-17 14:51:20', '2020-09-23 02:28:22');
INSERT INTO `media` (`id`, `media_type_id`, `user_id`, `body`, `filename`, `size`, `metadata`, `created_at`, `updated_at`) VALUES ('25', '25', '25', 'Ex dolorum quisquam et. Sit optio quis minima accusamus.', 'quam', 7176, NULL, '1988-06-23 00:41:14', '2020-04-14 10:24:39');
INSERT INTO `media` (`id`, `media_type_id`, `user_id`, `body`, `filename`, `size`, `metadata`, `created_at`, `updated_at`) VALUES ('26', '26', '26', 'Omnis nulla quia delectus facilis rem. Dolorem voluptatum quis nulla aut quia et. Repellendus laboriosam odio fuga ut est.', 'accusantium', 940864, NULL, '2011-09-26 01:53:45', '1972-07-16 10:29:46');
INSERT INTO `media` (`id`, `media_type_id`, `user_id`, `body`, `filename`, `size`, `metadata`, `created_at`, `updated_at`) VALUES ('27', '27', '27', 'Pariatur praesentium id fuga odit quo. Atque distinctio excepturi rem iste aut. Rerum temporibus autem ipsam id.', 'placeat', 639013317, NULL, '2020-04-09 01:08:23', '1991-04-06 14:00:28');
INSERT INTO `media` (`id`, `media_type_id`, `user_id`, `body`, `filename`, `size`, `metadata`, `created_at`, `updated_at`) VALUES ('28', '28', '28', 'Fugiat molestias quasi molestiae beatae ad similique. Consectetur culpa culpa ut labore et. Aliquam explicabo et fugit aut. Iusto qui et reiciendis nemo.', 'quo', 905610482, NULL, '2007-08-27 17:35:43', '1971-04-08 09:24:22');
INSERT INTO `media` (`id`, `media_type_id`, `user_id`, `body`, `filename`, `size`, `metadata`, `created_at`, `updated_at`) VALUES ('29', '29', '29', 'Omnis est illo itaque libero ea assumenda. Occaecati veniam aliquid quis autem. Incidunt occaecati aut aut error. Quis eos aut deleniti quia quo laborum. Nostrum asperiores voluptatem aut alias.', 'aut', 994144300, NULL, '1983-06-09 03:57:20', '1996-02-19 15:59:02');
INSERT INTO `media` (`id`, `media_type_id`, `user_id`, `body`, `filename`, `size`, `metadata`, `created_at`, `updated_at`) VALUES ('30', '30', '30', 'Sapiente libero nostrum minus rem dolores. Nemo tenetur omnis quis repellat nulla. Aut eveniet sint voluptatum molestias libero dolorem asperiores.', 'adipisci', 61576, NULL, '1996-10-02 04:59:49', '2001-01-17 16:11:22');
INSERT INTO `media` (`id`, `media_type_id`, `user_id`, `body`, `filename`, `size`, `metadata`, `created_at`, `updated_at`) VALUES ('31', '31', '31', 'Dolores et velit molestiae odio animi. Quidem dolores nisi sed voluptas eligendi.', 'sapiente', 9452574, NULL, '1978-09-06 14:11:15', '2006-11-10 16:36:32');
INSERT INTO `media` (`id`, `media_type_id`, `user_id`, `body`, `filename`, `size`, `metadata`, `created_at`, `updated_at`) VALUES ('32', '32', '32', 'In saepe quis explicabo reprehenderit a sunt perferendis. Explicabo animi quam vel et culpa beatae id. Architecto itaque aliquam odio nihil eum. Laboriosam est numquam aut cum officiis voluptas inventore. Ad earum similique officiis voluptates reprehenderit error consectetur eos.', 'aut', 9479980, NULL, '1994-04-01 03:33:52', '1990-09-13 05:01:26');
INSERT INTO `media` (`id`, `media_type_id`, `user_id`, `body`, `filename`, `size`, `metadata`, `created_at`, `updated_at`) VALUES ('33', '33', '33', 'Sed voluptatibus ipsum doloribus qui qui quas. Eligendi quia iusto aliquam nostrum. Qui nesciunt aut aut quo.', 'fugit', 792, NULL, '1998-08-31 23:57:57', '2000-12-14 17:05:29');
INSERT INTO `media` (`id`, `media_type_id`, `user_id`, `body`, `filename`, `size`, `metadata`, `created_at`, `updated_at`) VALUES ('34', '34', '34', 'Consequatur qui est nihil et facere dolorem. Molestias laudantium optio occaecati qui quod ea. Sequi et placeat ut.', 'assumenda', 8022, NULL, '2008-04-02 03:42:10', '2003-11-27 02:29:31');
INSERT INTO `media` (`id`, `media_type_id`, `user_id`, `body`, `filename`, `size`, `metadata`, `created_at`, `updated_at`) VALUES ('35', '35', '35', 'Consequuntur ipsam praesentium ab incidunt non voluptates. Ut possimus voluptatem omnis earum. Autem reiciendis ad praesentium eaque laborum.', 'quaerat', 2610, NULL, '1998-04-11 05:36:57', '1978-02-05 02:20:47');
INSERT INTO `media` (`id`, `media_type_id`, `user_id`, `body`, `filename`, `size`, `metadata`, `created_at`, `updated_at`) VALUES ('36', '36', '36', 'Reiciendis est consectetur nulla. Consectetur voluptates impedit commodi qui autem veniam.', 'beatae', 2042459, NULL, '2003-11-12 17:03:46', '1991-05-08 14:20:08');
INSERT INTO `media` (`id`, `media_type_id`, `user_id`, `body`, `filename`, `size`, `metadata`, `created_at`, `updated_at`) VALUES ('37', '37', '37', 'Aut quia nemo non voluptas ut. Neque rem natus occaecati animi et.', 'et', 71, NULL, '2001-11-11 10:42:23', '2016-06-17 20:01:31');
INSERT INTO `media` (`id`, `media_type_id`, `user_id`, `body`, `filename`, `size`, `metadata`, `created_at`, `updated_at`) VALUES ('38', '38', '38', 'Dolores exercitationem eius ullam qui id qui. Non ipsum est maiores quaerat occaecati hic ullam. Enim quis consequuntur eum unde blanditiis qui hic.', 'omnis', 77, NULL, '2008-07-21 11:50:27', '1988-12-20 03:45:07');
INSERT INTO `media` (`id`, `media_type_id`, `user_id`, `body`, `filename`, `size`, `metadata`, `created_at`, `updated_at`) VALUES ('39', '39', '39', 'Deleniti hic voluptatum ut praesentium debitis cum eos. Error cum voluptatibus aliquid. Esse facilis debitis deserunt voluptate libero ipsum beatae.', 'tempore', 62394, NULL, '1993-06-03 20:51:43', '1986-10-17 03:43:50');
INSERT INTO `media` (`id`, `media_type_id`, `user_id`, `body`, `filename`, `size`, `metadata`, `created_at`, `updated_at`) VALUES ('40', '40', '40', 'Voluptas itaque voluptas dolorem aspernatur consequatur distinctio. Quis distinctio doloribus recusandae voluptates dolor exercitationem ut. Modi magni magnam repudiandae ratione numquam. Voluptates praesentium est incidunt facere maxime quisquam.', 'magnam', 16672, NULL, '1982-04-27 22:56:49', '1990-11-10 06:34:36');
INSERT INTO `media` (`id`, `media_type_id`, `user_id`, `body`, `filename`, `size`, `metadata`, `created_at`, `updated_at`) VALUES ('41', '41', '41', 'Autem voluptas commodi et assumenda et officia. Excepturi incidunt voluptatem eius ipsam rerum. Sint vel nesciunt non labore est. Aliquam labore et optio praesentium accusamus.', 'esse', 2825, NULL, '2015-09-07 12:01:36', '2007-05-08 06:07:07');
INSERT INTO `media` (`id`, `media_type_id`, `user_id`, `body`, `filename`, `size`, `metadata`, `created_at`, `updated_at`) VALUES ('42', '42', '42', 'Natus assumenda rem ex magnam delectus sequi. Dolorum sit totam officia reiciendis numquam rem porro quidem. Laborum est voluptas consequatur recusandae ab assumenda. Quis tenetur ad accusamus consequuntur illum nobis sed.', 'unde', 4756, NULL, '2018-11-08 17:11:17', '1991-03-20 10:08:23');
INSERT INTO `media` (`id`, `media_type_id`, `user_id`, `body`, `filename`, `size`, `metadata`, `created_at`, `updated_at`) VALUES ('43', '43', '43', 'Quasi laboriosam hic voluptates quasi officiis. Animi iure praesentium et minima non quis ea. Temporibus necessitatibus ut possimus ea et reiciendis.', 'ipsum', 4, NULL, '1989-01-18 22:44:25', '1982-02-26 01:11:54');
INSERT INTO `media` (`id`, `media_type_id`, `user_id`, `body`, `filename`, `size`, `metadata`, `created_at`, `updated_at`) VALUES ('44', '44', '44', 'Et aut aut ab facere. Reprehenderit ut eum aut nostrum dignissimos sunt unde repudiandae. Omnis accusamus pariatur deleniti dignissimos eos a. Aut autem repellendus quia accusantium. Et magnam quaerat facere dignissimos quaerat suscipit fugiat.', 'unde', 5, NULL, '1984-04-21 09:52:02', '2005-03-30 04:42:02');
INSERT INTO `media` (`id`, `media_type_id`, `user_id`, `body`, `filename`, `size`, `metadata`, `created_at`, `updated_at`) VALUES ('45', '45', '45', 'Autem quod est facilis sunt facilis at. Tempore qui laborum corporis earum quas. Laborum error quia inventore et rerum ducimus. Magnam eos rerum ut sunt.', 'accusamus', 8427, NULL, '2015-10-29 03:45:21', '2015-08-01 14:29:11');
INSERT INTO `media` (`id`, `media_type_id`, `user_id`, `body`, `filename`, `size`, `metadata`, `created_at`, `updated_at`) VALUES ('46', '46', '46', 'Fuga qui laboriosam neque in. Et voluptatem fuga cumque voluptates. Incidunt harum id quibusdam voluptas.', 'quas', 4, NULL, '1987-01-28 22:41:47', '1975-04-10 21:22:37');
INSERT INTO `media` (`id`, `media_type_id`, `user_id`, `body`, `filename`, `size`, `metadata`, `created_at`, `updated_at`) VALUES ('47', '47', '47', 'Veritatis aperiam earum optio aut ut sint autem. Quia suscipit qui error et et quos deserunt. Sunt at magni ea.', 'ut', 6720, NULL, '1972-02-16 12:28:52', '1996-02-12 07:38:53');
INSERT INTO `media` (`id`, `media_type_id`, `user_id`, `body`, `filename`, `size`, `metadata`, `created_at`, `updated_at`) VALUES ('48', '48', '48', 'Temporibus atque id occaecati minima ut consectetur consequatur. Quibusdam repudiandae laboriosam laboriosam possimus.', 'animi', 198, NULL, '2013-10-28 03:45:01', '2002-05-03 13:15:14');
INSERT INTO `media` (`id`, `media_type_id`, `user_id`, `body`, `filename`, `size`, `metadata`, `created_at`, `updated_at`) VALUES ('49', '49', '49', 'Eligendi vitae soluta sunt minus et soluta impedit eveniet. Amet aliquam libero sed qui asperiores est voluptatum. Accusamus quis non officiis nesciunt atque. Ut suscipit aspernatur tenetur molestiae nam ex.', 'vero', 5, NULL, '1975-09-25 01:38:32', '2007-11-03 06:48:50');
INSERT INTO `media` (`id`, `media_type_id`, `user_id`, `body`, `filename`, `size`, `metadata`, `created_at`, `updated_at`) VALUES ('50', '50', '50', 'Accusantium velit qui vero veniam perspiciatis aut. Iste labore molestiae culpa magni cum totam. Enim est magni doloremque consequatur blanditiis sapiente incidunt. Explicabo magnam rerum error hic.', 'velit', 5113968, NULL, '2002-12-23 00:55:16', '2010-05-08 15:36:54');


#
# TABLE STRUCTURE FOR: media_types
#

DROP TABLE IF EXISTS `media_types`;

CREATE TABLE `media_types` (
  `id` bigint(20) unsigned NOT NULL AUTO_INCREMENT,
  `name` varchar(255) COLLATE utf8mb4_unicode_ci DEFAULT NULL,
  `created_at` datetime DEFAULT current_timestamp(),
  `updated_at` datetime DEFAULT current_timestamp() ON UPDATE current_timestamp(),
  PRIMARY KEY (`id`)
) ENGINE=InnoDB AUTO_INCREMENT=101 DEFAULT CHARSET=utf8mb4 COLLATE=utf8mb4_unicode_ci;

INSERT INTO `media_types` (`id`, `name`, `created_at`, `updated_at`) VALUES ('1', 'laborum', '1976-08-27 17:48:39', '1991-12-15 20:15:05');
INSERT INTO `media_types` (`id`, `name`, `created_at`, `updated_at`) VALUES ('2', 'est', '1987-06-30 14:38:40', '2002-04-07 20:04:03');
INSERT INTO `media_types` (`id`, `name`, `created_at`, `updated_at`) VALUES ('3', 'est', '2022-04-28 04:10:58', '2008-07-27 07:59:48');
INSERT INTO `media_types` (`id`, `name`, `created_at`, `updated_at`) VALUES ('4', 'voluptatem', '1985-02-08 01:31:03', '1994-05-30 19:11:00');
INSERT INTO `media_types` (`id`, `name`, `created_at`, `updated_at`) VALUES ('5', 'et', '1997-07-24 09:10:16', '2014-11-07 02:56:37');
INSERT INTO `media_types` (`id`, `name`, `created_at`, `updated_at`) VALUES ('6', 'delectus', '1982-04-17 21:43:38', '1980-01-25 12:25:52');
INSERT INTO `media_types` (`id`, `name`, `created_at`, `updated_at`) VALUES ('7', 'accusamus', '1976-01-29 18:59:06', '2007-03-21 04:05:57');
INSERT INTO `media_types` (`id`, `name`, `created_at`, `updated_at`) VALUES ('8', 'dolorum', '1989-11-09 03:52:18', '1986-06-22 07:54:42');
INSERT INTO `media_types` (`id`, `name`, `created_at`, `updated_at`) VALUES ('9', 'molestias', '1971-02-27 20:37:47', '2000-04-25 07:02:15');
INSERT INTO `media_types` (`id`, `name`, `created_at`, `updated_at`) VALUES ('10', 'fuga', '1985-10-19 17:51:28', '2015-10-20 01:13:28');
INSERT INTO `media_types` (`id`, `name`, `created_at`, `updated_at`) VALUES ('11', 'corporis', '1985-06-03 05:09:44', '2000-05-24 21:27:46');
INSERT INTO `media_types` (`id`, `name`, `created_at`, `updated_at`) VALUES ('12', 'molestiae', '2013-03-08 22:45:26', '2009-07-12 02:12:46');
INSERT INTO `media_types` (`id`, `name`, `created_at`, `updated_at`) VALUES ('13', 'doloribus', '1974-11-11 08:50:54', '2001-02-05 17:01:02');
INSERT INTO `media_types` (`id`, `name`, `created_at`, `updated_at`) VALUES ('14', 'doloribus', '1999-07-30 18:21:57', '1995-11-13 09:35:47');
INSERT INTO `media_types` (`id`, `name`, `created_at`, `updated_at`) VALUES ('15', 'consequuntur', '1976-05-18 20:57:55', '1999-02-28 09:36:52');
INSERT INTO `media_types` (`id`, `name`, `created_at`, `updated_at`) VALUES ('16', 'nostrum', '2004-03-11 22:36:40', '2005-04-17 13:32:56');
INSERT INTO `media_types` (`id`, `name`, `created_at`, `updated_at`) VALUES ('17', 'porro', '2019-11-12 04:06:12', '2021-02-04 17:13:07');
INSERT INTO `media_types` (`id`, `name`, `created_at`, `updated_at`) VALUES ('18', 'omnis', '2013-05-28 12:28:26', '2013-10-17 01:36:57');
INSERT INTO `media_types` (`id`, `name`, `created_at`, `updated_at`) VALUES ('19', 'et', '1974-06-19 02:25:43', '2020-02-05 10:55:34');
INSERT INTO `media_types` (`id`, `name`, `created_at`, `updated_at`) VALUES ('20', 'illum', '1972-12-16 15:48:29', '2016-01-01 04:10:05');
INSERT INTO `media_types` (`id`, `name`, `created_at`, `updated_at`) VALUES ('21', 'dolor', '1976-08-17 14:18:07', '1974-10-29 17:42:03');
INSERT INTO `media_types` (`id`, `name`, `created_at`, `updated_at`) VALUES ('22', 'et', '2005-11-03 23:19:52', '1988-08-07 07:55:53');
INSERT INTO `media_types` (`id`, `name`, `created_at`, `updated_at`) VALUES ('23', 'dolorem', '2011-05-03 03:10:33', '2015-10-28 16:17:54');
INSERT INTO `media_types` (`id`, `name`, `created_at`, `updated_at`) VALUES ('24', 'et', '1997-01-11 00:57:17', '2021-06-03 13:26:29');
INSERT INTO `media_types` (`id`, `name`, `created_at`, `updated_at`) VALUES ('25', 'molestiae', '2007-09-16 22:18:12', '1986-07-16 11:43:55');
INSERT INTO `media_types` (`id`, `name`, `created_at`, `updated_at`) VALUES ('26', 'quo', '1988-03-09 15:37:27', '2004-04-03 14:37:00');
INSERT INTO `media_types` (`id`, `name`, `created_at`, `updated_at`) VALUES ('27', 'sequi', '2003-03-16 12:07:05', '1982-03-15 01:04:07');
INSERT INTO `media_types` (`id`, `name`, `created_at`, `updated_at`) VALUES ('28', 'ut', '2004-11-25 20:46:22', '2022-03-18 20:31:27');
INSERT INTO `media_types` (`id`, `name`, `created_at`, `updated_at`) VALUES ('29', 'minus', '2009-05-08 10:05:50', '1999-11-02 18:04:25');
INSERT INTO `media_types` (`id`, `name`, `created_at`, `updated_at`) VALUES ('30', 'repellendus', '2010-03-08 14:34:02', '2021-06-18 09:26:05');
INSERT INTO `media_types` (`id`, `name`, `created_at`, `updated_at`) VALUES ('31', 'quia', '2004-12-20 13:53:56', '1993-12-12 04:22:43');
INSERT INTO `media_types` (`id`, `name`, `created_at`, `updated_at`) VALUES ('32', 'repellendus', '2011-12-29 14:56:48', '2012-02-12 10:23:38');
INSERT INTO `media_types` (`id`, `name`, `created_at`, `updated_at`) VALUES ('33', 'illum', '1991-09-13 20:00:54', '1995-10-27 08:56:02');
INSERT INTO `media_types` (`id`, `name`, `created_at`, `updated_at`) VALUES ('34', 'animi', '2003-10-12 22:02:39', '1997-07-27 14:47:14');
INSERT INTO `media_types` (`id`, `name`, `created_at`, `updated_at`) VALUES ('35', 'deserunt', '2012-07-13 06:32:15', '2009-10-01 10:17:25');
INSERT INTO `media_types` (`id`, `name`, `created_at`, `updated_at`) VALUES ('36', 'omnis', '2014-03-28 20:46:18', '2008-05-17 21:03:07');
INSERT INTO `media_types` (`id`, `name`, `created_at`, `updated_at`) VALUES ('37', 'quos', '2009-12-03 07:44:39', '1982-12-29 15:31:02');
INSERT INTO `media_types` (`id`, `name`, `created_at`, `updated_at`) VALUES ('38', 'deserunt', '1977-09-15 22:13:22', '2016-12-10 19:25:11');
INSERT INTO `media_types` (`id`, `name`, `created_at`, `updated_at`) VALUES ('39', 'eius', '2019-01-24 11:36:37', '2010-07-14 01:19:16');
INSERT INTO `media_types` (`id`, `name`, `created_at`, `updated_at`) VALUES ('40', 'qui', '1981-03-01 23:55:06', '2020-01-16 08:23:24');
INSERT INTO `media_types` (`id`, `name`, `created_at`, `updated_at`) VALUES ('41', 'tempore', '1992-01-30 00:46:20', '2019-08-21 11:00:33');
INSERT INTO `media_types` (`id`, `name`, `created_at`, `updated_at`) VALUES ('42', 'veritatis', '1975-05-13 02:07:58', '1992-10-28 06:29:58');
INSERT INTO `media_types` (`id`, `name`, `created_at`, `updated_at`) VALUES ('43', 'eveniet', '2013-12-10 11:43:28', '1971-09-09 02:00:45');
INSERT INTO `media_types` (`id`, `name`, `created_at`, `updated_at`) VALUES ('44', 'doloremque', '2009-10-02 09:11:31', '1973-12-08 12:38:22');
INSERT INTO `media_types` (`id`, `name`, `created_at`, `updated_at`) VALUES ('45', 'vel', '1988-01-13 14:07:24', '2020-08-12 20:35:45');
INSERT INTO `media_types` (`id`, `name`, `created_at`, `updated_at`) VALUES ('46', 'optio', '1988-12-08 03:31:30', '1989-09-28 16:10:31');
INSERT INTO `media_types` (`id`, `name`, `created_at`, `updated_at`) VALUES ('47', 'atque', '1999-06-03 07:28:38', '2022-02-17 09:16:15');
INSERT INTO `media_types` (`id`, `name`, `created_at`, `updated_at`) VALUES ('48', 'officia', '1994-08-28 14:50:11', '2014-07-02 12:02:00');
INSERT INTO `media_types` (`id`, `name`, `created_at`, `updated_at`) VALUES ('49', 'commodi', '1974-03-17 18:05:48', '1996-06-24 05:07:53');
INSERT INTO `media_types` (`id`, `name`, `created_at`, `updated_at`) VALUES ('50', 'odit', '2006-07-07 18:01:46', '1980-01-01 19:52:51');
INSERT INTO `media_types` (`id`, `name`, `created_at`, `updated_at`) VALUES ('51', 'incidunt', '1981-12-25 10:02:00', '2002-10-12 23:32:32');
INSERT INTO `media_types` (`id`, `name`, `created_at`, `updated_at`) VALUES ('52', 'recusandae', '1972-03-11 23:28:02', '1991-06-18 16:27:08');
INSERT INTO `media_types` (`id`, `name`, `created_at`, `updated_at`) VALUES ('53', 'mollitia', '1980-04-29 03:04:31', '1988-02-23 11:10:49');
INSERT INTO `media_types` (`id`, `name`, `created_at`, `updated_at`) VALUES ('54', 'dignissimos', '2005-10-30 10:42:17', '1982-04-05 00:09:44');
INSERT INTO `media_types` (`id`, `name`, `created_at`, `updated_at`) VALUES ('55', 'nihil', '1995-11-30 08:38:32', '2007-01-08 18:46:51');
INSERT INTO `media_types` (`id`, `name`, `created_at`, `updated_at`) VALUES ('56', 'praesentium', '1994-11-24 02:35:08', '2003-09-29 13:30:48');
INSERT INTO `media_types` (`id`, `name`, `created_at`, `updated_at`) VALUES ('57', 'nobis', '1991-11-16 11:53:44', '2023-01-22 03:41:20');
INSERT INTO `media_types` (`id`, `name`, `created_at`, `updated_at`) VALUES ('58', 'culpa', '2008-04-03 02:14:49', '2020-04-22 16:47:05');
INSERT INTO `media_types` (`id`, `name`, `created_at`, `updated_at`) VALUES ('59', 'pariatur', '1991-08-29 15:11:57', '1986-05-28 09:32:31');
INSERT INTO `media_types` (`id`, `name`, `created_at`, `updated_at`) VALUES ('60', 'sequi', '1999-12-17 23:17:54', '1978-12-08 17:37:55');
INSERT INTO `media_types` (`id`, `name`, `created_at`, `updated_at`) VALUES ('61', 'quisquam', '2022-12-08 11:41:29', '1985-09-02 13:37:03');
INSERT INTO `media_types` (`id`, `name`, `created_at`, `updated_at`) VALUES ('62', 'enim', '2003-07-09 10:15:38', '1998-07-01 10:02:45');
INSERT INTO `media_types` (`id`, `name`, `created_at`, `updated_at`) VALUES ('63', 'ipsum', '1998-01-09 05:32:34', '1992-09-08 09:38:37');
INSERT INTO `media_types` (`id`, `name`, `created_at`, `updated_at`) VALUES ('64', 'suscipit', '1984-06-17 01:34:23', '1994-11-08 03:53:11');
INSERT INTO `media_types` (`id`, `name`, `created_at`, `updated_at`) VALUES ('65', 'amet', '2012-10-30 20:01:46', '2008-10-11 16:33:38');
INSERT INTO `media_types` (`id`, `name`, `created_at`, `updated_at`) VALUES ('66', 'eius', '2004-02-24 07:54:34', '1998-10-13 17:42:19');
INSERT INTO `media_types` (`id`, `name`, `created_at`, `updated_at`) VALUES ('67', 'aspernatur', '1973-01-13 16:35:39', '1980-10-18 20:17:35');
INSERT INTO `media_types` (`id`, `name`, `created_at`, `updated_at`) VALUES ('68', 'eum', '1974-05-26 22:08:55', '2000-04-08 03:01:12');
INSERT INTO `media_types` (`id`, `name`, `created_at`, `updated_at`) VALUES ('69', 'voluptas', '1992-07-29 21:29:30', '2011-02-11 15:02:55');
INSERT INTO `media_types` (`id`, `name`, `created_at`, `updated_at`) VALUES ('70', 'et', '1972-08-19 05:07:13', '2009-09-08 10:53:30');
INSERT INTO `media_types` (`id`, `name`, `created_at`, `updated_at`) VALUES ('71', 'nemo', '1976-02-29 07:30:33', '1971-05-06 01:38:33');
INSERT INTO `media_types` (`id`, `name`, `created_at`, `updated_at`) VALUES ('72', 'soluta', '2017-10-17 20:24:13', '1991-03-09 13:51:38');
INSERT INTO `media_types` (`id`, `name`, `created_at`, `updated_at`) VALUES ('73', 'voluptatum', '2003-03-12 15:53:14', '1994-03-20 10:02:42');
INSERT INTO `media_types` (`id`, `name`, `created_at`, `updated_at`) VALUES ('74', 'omnis', '1997-11-16 23:05:57', '1993-07-06 00:31:47');
INSERT INTO `media_types` (`id`, `name`, `created_at`, `updated_at`) VALUES ('75', 'perspiciatis', '1987-11-01 23:59:02', '1997-01-27 06:26:41');
INSERT INTO `media_types` (`id`, `name`, `created_at`, `updated_at`) VALUES ('76', 'quidem', '1985-08-19 02:40:54', '1974-08-20 17:27:59');
INSERT INTO `media_types` (`id`, `name`, `created_at`, `updated_at`) VALUES ('77', 'fugit', '1996-12-09 23:53:50', '2017-01-24 12:15:57');
INSERT INTO `media_types` (`id`, `name`, `created_at`, `updated_at`) VALUES ('78', 'quasi', '1995-02-04 10:42:54', '1990-05-17 04:42:21');
INSERT INTO `media_types` (`id`, `name`, `created_at`, `updated_at`) VALUES ('79', 'alias', '1988-10-13 04:46:39', '2013-01-09 10:30:06');
INSERT INTO `media_types` (`id`, `name`, `created_at`, `updated_at`) VALUES ('80', 'officiis', '1977-12-23 17:15:04', '1975-02-04 08:24:25');
INSERT INTO `media_types` (`id`, `name`, `created_at`, `updated_at`) VALUES ('81', 'ut', '1997-12-06 02:37:21', '1997-11-24 11:11:10');
INSERT INTO `media_types` (`id`, `name`, `created_at`, `updated_at`) VALUES ('82', 'quod', '1978-10-11 05:19:25', '2001-05-30 23:26:00');
INSERT INTO `media_types` (`id`, `name`, `created_at`, `updated_at`) VALUES ('83', 'nam', '2003-05-23 06:37:26', '2003-12-28 09:26:36');
INSERT INTO `media_types` (`id`, `name`, `created_at`, `updated_at`) VALUES ('84', 'laudantium', '2022-05-23 13:28:29', '2016-01-14 18:58:15');
INSERT INTO `media_types` (`id`, `name`, `created_at`, `updated_at`) VALUES ('85', 'quia', '2011-05-05 12:13:59', '2007-04-15 03:22:56');
INSERT INTO `media_types` (`id`, `name`, `created_at`, `updated_at`) VALUES ('86', 'voluptatem', '1985-07-12 05:18:43', '2005-11-15 08:18:38');
INSERT INTO `media_types` (`id`, `name`, `created_at`, `updated_at`) VALUES ('87', 'iusto', '1994-03-01 23:42:42', '2000-04-20 16:52:09');
INSERT INTO `media_types` (`id`, `name`, `created_at`, `updated_at`) VALUES ('88', 'sed', '2002-05-24 13:31:48', '2022-06-11 16:47:20');
INSERT INTO `media_types` (`id`, `name`, `created_at`, `updated_at`) VALUES ('89', 'aut', '2016-03-02 05:05:45', '1991-05-04 19:10:52');
INSERT INTO `media_types` (`id`, `name`, `created_at`, `updated_at`) VALUES ('90', 'nesciunt', '1992-05-09 04:47:00', '2007-01-22 07:45:45');
INSERT INTO `media_types` (`id`, `name`, `created_at`, `updated_at`) VALUES ('91', 'error', '1995-07-01 23:40:08', '2022-04-03 04:58:57');
INSERT INTO `media_types` (`id`, `name`, `created_at`, `updated_at`) VALUES ('92', 'architecto', '2014-08-03 22:51:18', '2008-06-19 14:46:05');
INSERT INTO `media_types` (`id`, `name`, `created_at`, `updated_at`) VALUES ('93', 'rem', '2019-06-09 06:28:54', '2023-02-08 18:56:50');
INSERT INTO `media_types` (`id`, `name`, `created_at`, `updated_at`) VALUES ('94', 'est', '1990-03-28 12:53:55', '1971-04-16 21:49:49');
INSERT INTO `media_types` (`id`, `name`, `created_at`, `updated_at`) VALUES ('95', 'quo', '2000-02-06 16:16:34', '2021-03-22 03:05:52');
INSERT INTO `media_types` (`id`, `name`, `created_at`, `updated_at`) VALUES ('96', 'similique', '1978-03-15 02:12:08', '1988-10-22 12:58:50');
INSERT INTO `media_types` (`id`, `name`, `created_at`, `updated_at`) VALUES ('97', 'deserunt', '2016-12-13 00:56:07', '2021-10-13 15:43:32');
INSERT INTO `media_types` (`id`, `name`, `created_at`, `updated_at`) VALUES ('98', 'quasi', '2021-05-17 09:42:11', '1995-10-25 14:38:38');
INSERT INTO `media_types` (`id`, `name`, `created_at`, `updated_at`) VALUES ('99', 'dignissimos', '1978-06-23 17:13:42', '1986-09-18 16:34:31');
INSERT INTO `media_types` (`id`, `name`, `created_at`, `updated_at`) VALUES ('100', 'qui', '2018-09-08 18:30:43', '1972-09-28 12:02:01');


#
# TABLE STRUCTURE FOR: messages
#

DROP TABLE IF EXISTS `messages`;

CREATE TABLE `messages` (
  `id` bigint(20) unsigned NOT NULL AUTO_INCREMENT,
  `from_user_id` bigint(20) unsigned NOT NULL,
  `to_user_id` bigint(20) unsigned NOT NULL,
  `body` text COLLATE utf8mb4_unicode_ci DEFAULT NULL,
  `created_at` datetime DEFAULT current_timestamp(),
  PRIMARY KEY (`id`),
  KEY `from_user_id` (`from_user_id`),
  KEY `to_user_id` (`to_user_id`),
  CONSTRAINT `messages_ibfk_1` FOREIGN KEY (`from_user_id`) REFERENCES `users` (`id`) ON DELETE CASCADE ON UPDATE CASCADE,
  CONSTRAINT `messages_ibfk_2` FOREIGN KEY (`to_user_id`) REFERENCES `users` (`id`) ON DELETE CASCADE ON UPDATE CASCADE
) ENGINE=InnoDB AUTO_INCREMENT=101 DEFAULT CHARSET=utf8mb4 COLLATE=utf8mb4_unicode_ci;

INSERT INTO `messages` (`id`, `from_user_id`, `to_user_id`, `body`, `created_at`) VALUES ('1', '1', '94', 'Alias quas odio amet minus commodi et cumque. Ratione aliquam dolor nihil quia sapiente aliquid veniam. Illo voluptatem corrupti non fugit. Aut illo fugiat rem quas.', '1997-01-28 19:03:22');
INSERT INTO `messages` (`id`, `from_user_id`, `to_user_id`, `body`, `created_at`) VALUES ('2', '2', '25', 'Accusantium et impedit nemo officiis. Fugiat cum natus odio tenetur iure id. Necessitatibus labore eos odio odit in.', '1971-03-18 18:14:46');
INSERT INTO `messages` (`id`, `from_user_id`, `to_user_id`, `body`, `created_at`) VALUES ('3', '3', '68', 'In doloribus consequatur repellendus beatae est non quos maiores. Debitis rerum ratione soluta est at nam. Fuga corrupti quae non autem. Sit culpa debitis eligendi quia placeat. Rerum non esse vitae rem assumenda dolorem unde.', '2021-07-12 16:04:45');
INSERT INTO `messages` (`id`, `from_user_id`, `to_user_id`, `body`, `created_at`) VALUES ('4', '4', '74', 'Vel aliquid similique nihil accusamus praesentium ea quia. Earum quasi recusandae recusandae inventore aut. Debitis quaerat dicta tempora vitae nihil facilis. Expedita ratione quae odit voluptatum eum consequuntur sit.', '1981-02-14 10:51:39');
INSERT INTO `messages` (`id`, `from_user_id`, `to_user_id`, `body`, `created_at`) VALUES ('5', '5', '59', 'Nesciunt rerum voluptatem sint ratione ullam et. Veniam et sit ut. Soluta eum dolorem assumenda saepe corporis sit magnam omnis.', '1994-03-22 00:34:26');
INSERT INTO `messages` (`id`, `from_user_id`, `to_user_id`, `body`, `created_at`) VALUES ('6', '6', '30', 'Placeat libero harum necessitatibus nihil voluptas odit. Sint quis totam dolor consequatur fuga. Fuga autem consequatur ipsam maxime velit eum. Et nesciunt vel accusamus.', '2021-05-16 12:04:28');
INSERT INTO `messages` (`id`, `from_user_id`, `to_user_id`, `body`, `created_at`) VALUES ('7', '7', '27', 'Eius asperiores explicabo repudiandae asperiores qui eius voluptatibus et. Sint molestiae aspernatur eius reiciendis quia mollitia. Molestias impedit in recusandae labore mollitia sint. Minus necessitatibus aut occaecati distinctio nostrum autem ad. Praesentium perspiciatis quis facilis aut aut.', '1995-01-29 23:46:00');
INSERT INTO `messages` (`id`, `from_user_id`, `to_user_id`, `body`, `created_at`) VALUES ('8', '8', '76', 'Eum tempore ratione iure debitis quia consectetur. Sit cumque voluptatibus odio quidem quaerat quia voluptas sapiente. Eos tempore aut nihil dolore porro.', '2009-01-12 18:14:15');
INSERT INTO `messages` (`id`, `from_user_id`, `to_user_id`, `body`, `created_at`) VALUES ('9', '9', '81', 'Distinctio aut a hic possimus corrupti. Magni velit dolores et omnis. Exercitationem aut dicta eligendi voluptas.', '2009-08-05 11:14:15');
INSERT INTO `messages` (`id`, `from_user_id`, `to_user_id`, `body`, `created_at`) VALUES ('10', '10', '59', 'Ab error occaecati omnis eaque et. Vitae sequi minus quis exercitationem. Debitis ut qui laudantium.', '2012-03-23 19:48:55');
INSERT INTO `messages` (`id`, `from_user_id`, `to_user_id`, `body`, `created_at`) VALUES ('11', '11', '34', 'Adipisci illum eos voluptatem numquam aut provident debitis. Enim harum corrupti repellendus ea. Reiciendis quia consequatur ut ducimus sed. Natus consequatur asperiores aliquam error iste quos eos voluptatem.', '1986-02-16 09:15:38');
INSERT INTO `messages` (`id`, `from_user_id`, `to_user_id`, `body`, `created_at`) VALUES ('12', '12', '18', 'Possimus sed nostrum autem rerum sunt. Asperiores eos optio earum blanditiis provident et ab. Recusandae nam eum rem quia.', '2021-02-05 14:25:08');
INSERT INTO `messages` (`id`, `from_user_id`, `to_user_id`, `body`, `created_at`) VALUES ('13', '13', '84', 'Voluptatem commodi eos at aut expedita delectus voluptatum neque. Quia consequuntur rerum in qui. Eveniet sit dolores laboriosam. Magni animi ut ratione quo.', '1995-05-21 02:28:31');
INSERT INTO `messages` (`id`, `from_user_id`, `to_user_id`, `body`, `created_at`) VALUES ('14', '14', '98', 'Nulla tempora libero odit ducimus sed doloribus pariatur. Dolor rerum recusandae aut nemo fuga quasi repellat natus. Qui id ipsum ut commodi est nemo et. Quibusdam rerum omnis perferendis aut dolore.', '1987-07-28 20:26:39');
INSERT INTO `messages` (`id`, `from_user_id`, `to_user_id`, `body`, `created_at`) VALUES ('15', '15', '26', 'Voluptatem eos est ut sint. Cupiditate eius in excepturi nesciunt. Omnis sint aut quis eligendi.', '1982-03-10 15:35:31');
INSERT INTO `messages` (`id`, `from_user_id`, `to_user_id`, `body`, `created_at`) VALUES ('16', '16', '79', 'Nulla a occaecati illum velit autem. Ipsum tempore et dicta voluptatum quis amet modi. Natus quidem dolores nostrum numquam.', '2017-09-19 16:07:26');
INSERT INTO `messages` (`id`, `from_user_id`, `to_user_id`, `body`, `created_at`) VALUES ('17', '17', '97', 'Ipsam voluptatem voluptatem impedit velit. Ducimus ad eos dicta iusto. Doloribus aut debitis quasi aut est dolorum mollitia. Totam ducimus nesciunt deleniti eius officiis nihil.', '2018-09-17 13:25:59');
INSERT INTO `messages` (`id`, `from_user_id`, `to_user_id`, `body`, `created_at`) VALUES ('18', '18', '81', 'Qui culpa optio et temporibus praesentium suscipit quis. Vitae qui aut est pariatur. Doloribus neque numquam id reiciendis.', '2002-12-10 14:14:56');
INSERT INTO `messages` (`id`, `from_user_id`, `to_user_id`, `body`, `created_at`) VALUES ('19', '19', '46', 'Iure commodi molestiae accusantium maxime. Optio atque voluptate iure autem reiciendis. Consequuntur aspernatur nisi libero nobis.', '1982-10-20 03:05:18');
INSERT INTO `messages` (`id`, `from_user_id`, `to_user_id`, `body`, `created_at`) VALUES ('20', '20', '14', 'Expedita ex reprehenderit esse autem accusantium maiores quaerat. Ut cupiditate molestiae perspiciatis et.', '2001-01-30 15:41:28');
INSERT INTO `messages` (`id`, `from_user_id`, `to_user_id`, `body`, `created_at`) VALUES ('21', '21', '2', 'Corrupti omnis qui sint. Quia aut exercitationem sed quis maxime.', '2004-04-29 21:44:35');
INSERT INTO `messages` (`id`, `from_user_id`, `to_user_id`, `body`, `created_at`) VALUES ('22', '22', '29', 'Et et quaerat magni ullam dolor in tenetur. Consequuntur dolor dolore soluta et. Sed perferendis facere non quibusdam fugit assumenda ea.', '1970-07-21 13:19:09');
INSERT INTO `messages` (`id`, `from_user_id`, `to_user_id`, `body`, `created_at`) VALUES ('23', '23', '72', 'Dolor assumenda dolorum quia quis. Sequi voluptas doloremque non dignissimos. Cupiditate quae non nobis aut itaque sed.', '1977-03-10 02:31:26');
INSERT INTO `messages` (`id`, `from_user_id`, `to_user_id`, `body`, `created_at`) VALUES ('24', '24', '49', 'Corrupti qui nihil est hic labore voluptas. Est et exercitationem voluptas rerum unde iste. Cupiditate magni ex exercitationem.', '1988-01-31 11:40:57');
INSERT INTO `messages` (`id`, `from_user_id`, `to_user_id`, `body`, `created_at`) VALUES ('25', '25', '58', 'Ut qui ea ea culpa repellendus omnis. Id quia quasi eveniet quam. Est quo dolores eius non esse odio. Ratione quo dicta maxime.', '1973-10-18 17:04:17');
INSERT INTO `messages` (`id`, `from_user_id`, `to_user_id`, `body`, `created_at`) VALUES ('26', '26', '44', 'Aliquam est blanditiis voluptatem id nihil. Ut quo dolores labore cupiditate debitis non quis. Consequuntur omnis rerum animi laudantium.', '1982-08-25 00:44:06');
INSERT INTO `messages` (`id`, `from_user_id`, `to_user_id`, `body`, `created_at`) VALUES ('27', '27', '12', 'Nemo repellat aut rerum iure odio ea suscipit rerum. Dignissimos laudantium nisi dolore. Non corporis eos vitae aut.', '2013-07-14 21:07:28');
INSERT INTO `messages` (`id`, `from_user_id`, `to_user_id`, `body`, `created_at`) VALUES ('28', '28', '68', 'In enim quisquam unde eveniet debitis recusandae doloribus. Beatae voluptatem modi culpa eum. Veniam beatae debitis omnis et dolores at voluptas. Alias ad voluptatem hic at eligendi sequi.', '1991-01-27 03:58:11');
INSERT INTO `messages` (`id`, `from_user_id`, `to_user_id`, `body`, `created_at`) VALUES ('29', '29', '65', 'Et quae laborum qui sequi animi. Sed a sint facilis ut beatae qui. Sunt ut quis velit possimus impedit delectus. Vero enim esse eos omnis reprehenderit consectetur.', '1981-02-20 09:17:59');
INSERT INTO `messages` (`id`, `from_user_id`, `to_user_id`, `body`, `created_at`) VALUES ('30', '30', '83', 'Nesciunt est dolor facilis odit autem odio quo. Aut repellendus et ipsum sit sit. Nemo iste aut saepe officia. Voluptas quasi consequuntur aut voluptatem omnis ipsa corrupti. Aliquam eaque ad et sint laboriosam voluptate veniam.', '1990-08-20 00:52:14');
INSERT INTO `messages` (`id`, `from_user_id`, `to_user_id`, `body`, `created_at`) VALUES ('31', '31', '65', 'Perferendis pariatur ab vero id eos. Non velit aliquid voluptas molestiae eos eum atque. Iure non modi voluptate.', '1972-10-15 19:43:32');
INSERT INTO `messages` (`id`, `from_user_id`, `to_user_id`, `body`, `created_at`) VALUES ('32', '32', '100', 'Nihil nobis voluptatem impedit sit et dolorem. Et asperiores nam deleniti tempore quaerat. Adipisci aperiam eum laboriosam ea ut quae. Et ea dolorum maxime veniam consequuntur molestias saepe officia. Fuga illo voluptates similique est quisquam sunt voluptas.', '1984-10-22 05:07:28');
INSERT INTO `messages` (`id`, `from_user_id`, `to_user_id`, `body`, `created_at`) VALUES ('33', '33', '98', 'Saepe aut id aliquam magnam ad reprehenderit. Aut odit at et praesentium nisi vitae qui.', '1999-07-14 11:33:26');
INSERT INTO `messages` (`id`, `from_user_id`, `to_user_id`, `body`, `created_at`) VALUES ('34', '34', '29', 'Laudantium praesentium tempore sunt quasi suscipit velit ad explicabo. Recusandae soluta cumque aut sed et consequatur. Deleniti vel quas eveniet sit harum id.', '1978-05-25 20:14:59');
INSERT INTO `messages` (`id`, `from_user_id`, `to_user_id`, `body`, `created_at`) VALUES ('35', '35', '92', 'Hic velit reiciendis pariatur. Qui modi asperiores recusandae corrupti. Commodi nesciunt eveniet nobis.', '1973-12-09 20:27:14');
INSERT INTO `messages` (`id`, `from_user_id`, `to_user_id`, `body`, `created_at`) VALUES ('36', '36', '99', 'Ratione optio non harum unde cupiditate distinctio id non. Quia non et nisi libero unde quasi a. Suscipit saepe consequatur animi a eos est nesciunt.', '2021-04-27 01:07:27');
INSERT INTO `messages` (`id`, `from_user_id`, `to_user_id`, `body`, `created_at`) VALUES ('37', '37', '83', 'Sint rem libero et delectus quo eveniet tempora. Voluptates qui voluptatem voluptatem id ullam. Odit voluptatem velit incidunt laborum temporibus est sunt ea. Dolor quis sed facere voluptatibus doloremque.', '2009-03-16 12:32:01');
INSERT INTO `messages` (`id`, `from_user_id`, `to_user_id`, `body`, `created_at`) VALUES ('38', '38', '34', 'Eveniet vel quia a eius vel perferendis veniam. Repudiandae eum dolore dolore nihil cum temporibus. Voluptatem doloremque corporis ipsam modi. Fuga eos voluptatem possimus.', '1984-03-23 01:56:54');
INSERT INTO `messages` (`id`, `from_user_id`, `to_user_id`, `body`, `created_at`) VALUES ('39', '39', '73', 'Corporis adipisci dolores aliquam. Voluptatem perspiciatis harum placeat animi sed deleniti. Delectus iure at unde sit maxime.', '1970-08-17 06:58:02');
INSERT INTO `messages` (`id`, `from_user_id`, `to_user_id`, `body`, `created_at`) VALUES ('40', '40', '42', 'Ea qui molestias earum accusamus. Fuga unde error laborum id ducimus. Minus voluptas sunt possimus.', '1994-01-30 10:27:23');
INSERT INTO `messages` (`id`, `from_user_id`, `to_user_id`, `body`, `created_at`) VALUES ('41', '41', '58', 'Corporis aut ut doloremque et non. Qui ut doloribus repellat ipsa nisi esse quia.', '2002-05-18 01:29:30');
INSERT INTO `messages` (`id`, `from_user_id`, `to_user_id`, `body`, `created_at`) VALUES ('42', '42', '83', 'Praesentium excepturi qui a rerum. Unde ipsam distinctio eveniet error ea. Enim mollitia deserunt doloribus quia voluptatem impedit est voluptatem. Qui id dignissimos nisi nulla ex rerum.', '1980-08-14 02:15:52');
INSERT INTO `messages` (`id`, `from_user_id`, `to_user_id`, `body`, `created_at`) VALUES ('43', '43', '11', 'Culpa ullam in nihil et possimus voluptas. Doloremque ea nisi impedit iusto praesentium. Eaque ut consequatur qui nihil temporibus eos.', '1972-01-18 17:11:33');
INSERT INTO `messages` (`id`, `from_user_id`, `to_user_id`, `body`, `created_at`) VALUES ('44', '44', '28', 'Illo eos magnam itaque similique. Quaerat eum placeat tempore itaque neque est quibusdam. Exercitationem qui explicabo fugiat est aut.', '2006-04-23 18:39:45');
INSERT INTO `messages` (`id`, `from_user_id`, `to_user_id`, `body`, `created_at`) VALUES ('45', '45', '51', 'Alias et doloremque eius alias dolores eos non voluptatibus. Dolorum eum dolor voluptas sed odit ut. Voluptatem dolor ipsum non unde qui.', '2008-09-21 08:18:13');
INSERT INTO `messages` (`id`, `from_user_id`, `to_user_id`, `body`, `created_at`) VALUES ('46', '46', '34', 'Fugit nobis et neque et in quibusdam odio. Repellendus aperiam omnis quo consequatur sed. Est enim quas ipsa fuga sed.', '2005-11-06 08:40:46');
INSERT INTO `messages` (`id`, `from_user_id`, `to_user_id`, `body`, `created_at`) VALUES ('47', '47', '95', 'Adipisci est debitis rerum voluptatum. Deserunt doloremque non eos est ipsa ad. Modi facere nobis quo et ut. Laborum sunt voluptatem eum.', '1984-05-23 04:27:52');
INSERT INTO `messages` (`id`, `from_user_id`, `to_user_id`, `body`, `created_at`) VALUES ('48', '48', '32', 'Et quis et ratione nisi quaerat perspiciatis. Eum mollitia modi accusantium ratione dolorem dolores. Porro sapiente illo rerum necessitatibus aliquid doloremque voluptas.', '2004-02-11 02:54:51');
INSERT INTO `messages` (`id`, `from_user_id`, `to_user_id`, `body`, `created_at`) VALUES ('49', '49', '26', 'Ipsam inventore quas voluptatem dolor quo est. Ut enim sed et tempore. Debitis quo consequatur vel dolore. Dolorem nesciunt est explicabo. Minima quisquam voluptatem expedita tempore quaerat et.', '1992-08-04 23:42:45');
INSERT INTO `messages` (`id`, `from_user_id`, `to_user_id`, `body`, `created_at`) VALUES ('50', '50', '12', 'Laborum vel ab labore nostrum ab id est ratione. Eos modi nihil corrupti modi quos nemo inventore. Quos amet eum ea animi nulla sunt porro. Numquam nesciunt molestiae recusandae et fugit voluptatibus.', '2010-02-14 16:39:56');
INSERT INTO `messages` (`id`, `from_user_id`, `to_user_id`, `body`, `created_at`) VALUES ('51', '51', '45', 'Animi maiores quidem magnam ab. Veniam adipisci omnis sed iure. Non quis dolor quia non atque. Libero inventore doloremque tenetur.', '1980-04-16 13:41:05');
INSERT INTO `messages` (`id`, `from_user_id`, `to_user_id`, `body`, `created_at`) VALUES ('52', '52', '93', 'Quam quis voluptas magni non aut ad suscipit. Fuga non quo labore et. Molestias non suscipit facere quia consequatur temporibus. Sed corporis quas magnam quidem ad.', '1980-12-21 23:34:26');
INSERT INTO `messages` (`id`, `from_user_id`, `to_user_id`, `body`, `created_at`) VALUES ('53', '53', '35', 'Numquam pariatur laboriosam et qui sed. Iste temporibus voluptatem asperiores rem. Voluptatem atque unde ea assumenda.', '1974-04-01 22:56:44');
INSERT INTO `messages` (`id`, `from_user_id`, `to_user_id`, `body`, `created_at`) VALUES ('54', '54', '33', 'Voluptas ea et quo molestiae. Qui sequi accusantium ratione voluptas explicabo corrupti. Voluptatum quo illum qui pariatur reprehenderit quia eveniet accusamus.', '2023-02-16 06:57:29');
INSERT INTO `messages` (`id`, `from_user_id`, `to_user_id`, `body`, `created_at`) VALUES ('55', '55', '89', 'Vitae iure harum nobis est eligendi non. Ratione quos maxime consequatur cum quidem quod maiores aut. Eum sequi rerum sint vero facilis veniam.', '2004-10-07 14:33:58');
INSERT INTO `messages` (`id`, `from_user_id`, `to_user_id`, `body`, `created_at`) VALUES ('56', '56', '17', 'Qui voluptatem iusto facilis molestias atque corporis. Assumenda dolorem omnis omnis iure voluptatem officiis. Aut et qui iusto facilis. Debitis dolor est quae aut magnam sint architecto soluta.', '2003-06-15 22:37:01');
INSERT INTO `messages` (`id`, `from_user_id`, `to_user_id`, `body`, `created_at`) VALUES ('57', '57', '10', 'Quia omnis laudantium rerum ullam impedit et. Vel repellat quod reprehenderit aut. Itaque consectetur velit odio aut.', '1986-11-08 01:36:53');
INSERT INTO `messages` (`id`, `from_user_id`, `to_user_id`, `body`, `created_at`) VALUES ('58', '58', '72', 'Porro atque sit id molestiae. Cupiditate et distinctio et consequatur. Nostrum qui neque quisquam eos voluptatem. Provident voluptates veritatis quia est officia. Est neque iure doloremque dolores laboriosam quas.', '1977-11-07 01:01:23');
INSERT INTO `messages` (`id`, `from_user_id`, `to_user_id`, `body`, `created_at`) VALUES ('59', '59', '59', 'Tenetur aut qui dicta. Voluptates est aperiam mollitia voluptatem tempore. Et autem est aut dolores neque. Ipsam dolore esse velit beatae magni aperiam error.', '1981-09-17 07:50:53');
INSERT INTO `messages` (`id`, `from_user_id`, `to_user_id`, `body`, `created_at`) VALUES ('60', '60', '99', 'Voluptas nam quidem ut est quod quibusdam. Animi quibusdam non aut quaerat dolor. Facere odit molestias accusantium. Expedita temporibus voluptatem et dolorum aut impedit consequatur eum.', '1996-06-08 15:59:12');
INSERT INTO `messages` (`id`, `from_user_id`, `to_user_id`, `body`, `created_at`) VALUES ('61', '61', '83', 'Consequatur neque excepturi non labore aut rerum fuga. Qui nihil tenetur consequuntur est unde beatae. Vitae nam minima sit dignissimos ut id quis.', '2020-06-21 00:32:44');
INSERT INTO `messages` (`id`, `from_user_id`, `to_user_id`, `body`, `created_at`) VALUES ('62', '62', '18', 'Ea omnis veniam quam est eum. Nostrum sit autem et laudantium et quaerat accusantium consequuntur.', '2018-03-14 21:26:24');
INSERT INTO `messages` (`id`, `from_user_id`, `to_user_id`, `body`, `created_at`) VALUES ('63', '63', '51', 'Et eos eaque eaque voluptates. Alias in cumque et assumenda ut eos. Maxime consequuntur laudantium est quibusdam architecto itaque.', '2004-01-19 08:55:35');
INSERT INTO `messages` (`id`, `from_user_id`, `to_user_id`, `body`, `created_at`) VALUES ('64', '64', '23', 'Sint mollitia ut non nam nemo. Possimus quaerat architecto vel culpa. Dolor velit voluptates impedit ex qui. Non iste itaque delectus architecto illum. Maxime culpa voluptate voluptas voluptates.', '1972-04-26 05:56:14');
INSERT INTO `messages` (`id`, `from_user_id`, `to_user_id`, `body`, `created_at`) VALUES ('65', '65', '1', 'Beatae earum distinctio vero amet. In maiores veritatis dolor consequatur aut recusandae consequatur et. Adipisci qui cumque nisi fugit. Quod sit est enim.', '2004-03-31 01:29:55');
INSERT INTO `messages` (`id`, `from_user_id`, `to_user_id`, `body`, `created_at`) VALUES ('66', '66', '5', 'Fugiat accusamus est quia voluptate. Placeat in et sed consectetur accusamus eligendi deserunt sed. Earum voluptatem autem ad nam quod. Iusto ut vel similique nobis.', '2006-02-03 07:55:14');
INSERT INTO `messages` (`id`, `from_user_id`, `to_user_id`, `body`, `created_at`) VALUES ('67', '67', '94', 'Sunt amet adipisci et necessitatibus optio nesciunt ullam. Dolorem quis totam fuga animi facilis est. Debitis libero consequatur sequi ipsam porro nam voluptatem.', '1980-04-13 19:10:41');
INSERT INTO `messages` (`id`, `from_user_id`, `to_user_id`, `body`, `created_at`) VALUES ('68', '68', '57', 'Distinctio voluptatibus fuga culpa animi reiciendis quia fugiat. Possimus inventore numquam sint iste ut consectetur delectus. Ipsa quod sint atque itaque quasi quis velit dolores. Porro dolorem reprehenderit nesciunt atque rerum.', '1978-07-21 21:27:25');
INSERT INTO `messages` (`id`, `from_user_id`, `to_user_id`, `body`, `created_at`) VALUES ('69', '69', '5', 'Consequuntur harum ex molestiae similique sed harum velit qui. Ut tempore asperiores repellat tempore voluptatem. Id repudiandae vel cumque laborum at perferendis. Deleniti in illum mollitia commodi magni sed qui.', '2007-06-22 15:31:20');
INSERT INTO `messages` (`id`, `from_user_id`, `to_user_id`, `body`, `created_at`) VALUES ('70', '70', '93', 'Fugiat ipsum ipsa quasi voluptate. Omnis facere eligendi non consequatur debitis. Sint repellendus cum deserunt voluptatum dolor quibusdam vero.', '1991-08-16 16:16:42');
INSERT INTO `messages` (`id`, `from_user_id`, `to_user_id`, `body`, `created_at`) VALUES ('71', '71', '11', 'Voluptas quo et deleniti reiciendis libero perferendis corrupti. Repellendus sapiente soluta exercitationem tenetur. Explicabo qui quos cumque nisi voluptas vel id. Est vel eligendi consequatur saepe ad.', '1974-08-29 22:21:25');
INSERT INTO `messages` (`id`, `from_user_id`, `to_user_id`, `body`, `created_at`) VALUES ('72', '72', '98', 'Id qui soluta in quidem asperiores fugit. Nisi a iste ipsa nihil odio dolores quo. Sed est autem dolorem eligendi repellendus sed adipisci. Mollitia quia cumque enim numquam quibusdam porro.', '1999-07-19 00:22:14');
INSERT INTO `messages` (`id`, `from_user_id`, `to_user_id`, `body`, `created_at`) VALUES ('73', '73', '99', 'Et at voluptatem tempore qui aliquam omnis. Debitis doloribus impedit doloribus aliquam quo ea. Optio et aspernatur dicta doloribus. Iusto et dolorum molestiae et omnis.', '2010-11-18 20:35:12');
INSERT INTO `messages` (`id`, `from_user_id`, `to_user_id`, `body`, `created_at`) VALUES ('74', '74', '81', 'Fugiat nihil occaecati architecto ut maxime. Unde dolor ipsum sit quia culpa at est animi. Aperiam aut sint molestiae qui nihil tempora quos.', '1973-11-11 05:07:52');
INSERT INTO `messages` (`id`, `from_user_id`, `to_user_id`, `body`, `created_at`) VALUES ('75', '75', '10', 'Est sequi vel qui. Et omnis cupiditate excepturi cumque voluptatem aut non quia.', '2004-06-14 02:53:53');
INSERT INTO `messages` (`id`, `from_user_id`, `to_user_id`, `body`, `created_at`) VALUES ('76', '76', '26', 'Quis explicabo est suscipit. Sed qui rerum cumque. Est molestias et dolores esse aut fugit.', '2017-12-11 12:34:03');
INSERT INTO `messages` (`id`, `from_user_id`, `to_user_id`, `body`, `created_at`) VALUES ('77', '77', '98', 'Quia et autem aliquid ea ipsam accusantium. Quia unde dignissimos saepe illo qui voluptas eius corporis. Vero iusto autem aut officiis voluptatem accusamus neque. Veritatis debitis non et architecto et illum.', '1997-04-24 21:37:47');
INSERT INTO `messages` (`id`, `from_user_id`, `to_user_id`, `body`, `created_at`) VALUES ('78', '78', '37', 'Incidunt impedit corrupti aut labore error reiciendis. Dolores aut veritatis blanditiis impedit recusandae ipsa animi. Ea ad similique mollitia sint ab. Ut provident voluptatem et ut aut.', '1990-12-27 19:46:48');
INSERT INTO `messages` (`id`, `from_user_id`, `to_user_id`, `body`, `created_at`) VALUES ('79', '79', '25', 'Veritatis et perspiciatis rerum adipisci ad. Exercitationem maxime molestiae et. Consequatur ea iste ut voluptatem ut. Deleniti aperiam ea odio alias dignissimos ut reprehenderit tempore.', '1972-05-17 15:20:52');
INSERT INTO `messages` (`id`, `from_user_id`, `to_user_id`, `body`, `created_at`) VALUES ('80', '80', '26', 'Id incidunt ut nostrum odit quia quam. Quod culpa vel ullam dignissimos fugit quae modi. Doloremque non corrupti unde delectus.', '1984-10-28 05:53:39');
INSERT INTO `messages` (`id`, `from_user_id`, `to_user_id`, `body`, `created_at`) VALUES ('81', '81', '95', 'Quia unde iusto et qui ipsum ipsum neque. Delectus quibusdam asperiores aut qui. Et atque explicabo voluptatem sint eos.', '1971-09-25 22:17:27');
INSERT INTO `messages` (`id`, `from_user_id`, `to_user_id`, `body`, `created_at`) VALUES ('82', '82', '15', 'Mollitia quos facere sit dolorem. Velit doloremque sapiente sint nobis maiores magnam natus voluptatibus. Repellendus harum labore commodi corporis doloribus. Enim maiores sint qui magnam quo.', '2018-04-12 12:31:01');
INSERT INTO `messages` (`id`, `from_user_id`, `to_user_id`, `body`, `created_at`) VALUES ('83', '83', '93', 'Omnis molestiae commodi veniam. Mollitia non alias eum itaque. Beatae sed vel aut deserunt.', '2009-12-24 20:04:58');
INSERT INTO `messages` (`id`, `from_user_id`, `to_user_id`, `body`, `created_at`) VALUES ('84', '84', '100', 'Mollitia esse nobis quia tempore. Quo ea ut et aut consectetur labore. Aut sapiente expedita nostrum eum aspernatur. Velit quo velit qui.', '2021-06-26 19:39:46');
INSERT INTO `messages` (`id`, `from_user_id`, `to_user_id`, `body`, `created_at`) VALUES ('85', '85', '23', 'Omnis ea vel odio fugiat quae. Nemo ut odit et alias consectetur aut. Vitae ab nesciunt sit ea quod. Ut et asperiores quia excepturi deserunt temporibus.', '1972-04-23 02:59:47');
INSERT INTO `messages` (`id`, `from_user_id`, `to_user_id`, `body`, `created_at`) VALUES ('86', '86', '39', 'Adipisci non illo unde qui quam. Aut eos deleniti sint qui aspernatur. Aut fugit qui fugit nisi.', '2022-03-08 22:21:45');
INSERT INTO `messages` (`id`, `from_user_id`, `to_user_id`, `body`, `created_at`) VALUES ('87', '87', '58', 'Aut et sequi ab placeat aut. Officiis eaque iure quia provident laborum non minima quaerat. Veritatis nesciunt qui minus ea est autem vel consequatur. Saepe delectus aut et id. A modi quis eos ipsam.', '2020-07-11 18:19:08');
INSERT INTO `messages` (`id`, `from_user_id`, `to_user_id`, `body`, `created_at`) VALUES ('88', '88', '86', 'Dolore tempora amet ut. Porro sapiente ipsum amet et delectus debitis dolore. Dolorem ratione sint in asperiores mollitia magni. Voluptatem ea magni labore recusandae quasi voluptatum cumque beatae.', '2015-11-10 17:18:38');
INSERT INTO `messages` (`id`, `from_user_id`, `to_user_id`, `body`, `created_at`) VALUES ('89', '89', '66', 'Nesciunt aliquam ut voluptatem illum impedit soluta. Exercitationem perferendis quisquam nihil et cumque. Veritatis nemo dicta dolorum ut assumenda. Et ipsam non eligendi facere porro dolore sint nihil.', '2012-07-05 21:28:59');
INSERT INTO `messages` (`id`, `from_user_id`, `to_user_id`, `body`, `created_at`) VALUES ('90', '90', '95', 'Harum pariatur hic aut dolore dolorem consequatur alias. Deserunt dolorum facilis autem distinctio praesentium quia veritatis. Hic sit mollitia ea adipisci cum aut sapiente. Autem amet veritatis veniam ducimus illum distinctio incidunt.', '1999-02-18 17:16:13');
INSERT INTO `messages` (`id`, `from_user_id`, `to_user_id`, `body`, `created_at`) VALUES ('91', '91', '5', 'Adipisci unde ut suscipit dolores. Error dolorem maxime optio qui similique beatae. Quas aperiam ut dolor error.', '2002-02-27 20:43:29');
INSERT INTO `messages` (`id`, `from_user_id`, `to_user_id`, `body`, `created_at`) VALUES ('92', '92', '10', 'Suscipit et nostrum autem. Et eius modi iure doloribus non debitis. Iste quas eaque accusantium nihil.', '2019-12-29 02:52:34');
INSERT INTO `messages` (`id`, `from_user_id`, `to_user_id`, `body`, `created_at`) VALUES ('93', '93', '47', 'Aut libero placeat eveniet sint non praesentium. Quidem ea corporis est veritatis laboriosam corrupti est. Ut nesciunt commodi architecto iste iure.', '2018-08-25 04:24:43');
INSERT INTO `messages` (`id`, `from_user_id`, `to_user_id`, `body`, `created_at`) VALUES ('94', '94', '19', 'Illum est et nihil facilis praesentium ullam. Eum impedit ipsa et ut qui animi. Eos voluptatem vitae quaerat autem tenetur quis cumque.', '1985-04-10 00:45:29');
INSERT INTO `messages` (`id`, `from_user_id`, `to_user_id`, `body`, `created_at`) VALUES ('95', '95', '27', 'Velit maiores quis incidunt iure omnis inventore et numquam. Omnis incidunt molestiae sint molestiae est magnam distinctio inventore. Qui amet amet et iusto.', '2022-10-31 08:59:13');
INSERT INTO `messages` (`id`, `from_user_id`, `to_user_id`, `body`, `created_at`) VALUES ('96', '96', '65', 'Non ut enim et placeat et reiciendis quos. Accusamus voluptatum ullam perferendis et in aperiam modi. Rerum et voluptatibus numquam velit. Magnam molestiae placeat minima molestiae optio.', '1999-07-08 20:46:29');
INSERT INTO `messages` (`id`, `from_user_id`, `to_user_id`, `body`, `created_at`) VALUES ('97', '97', '1', 'Ut dolor sed ea dolores. Adipisci atque rerum libero qui. Iure et commodi hic sunt dolor dolores quo.', '2012-08-13 21:47:02');
INSERT INTO `messages` (`id`, `from_user_id`, `to_user_id`, `body`, `created_at`) VALUES ('98', '98', '30', 'Consequuntur impedit sunt voluptas soluta quia quia rerum nihil. A sit non nostrum quo nisi ab aperiam consequatur. Eum ipsum molestiae repudiandae nemo.', '2018-11-02 02:25:10');
INSERT INTO `messages` (`id`, `from_user_id`, `to_user_id`, `body`, `created_at`) VALUES ('99', '99', '27', 'Qui voluptatem est ut. Qui molestias id voluptatem repellat at mollitia. Illum quos sed repellendus dolores ut nesciunt. Veritatis sequi quia sint aliquid rerum.', '1997-09-14 02:15:46');
INSERT INTO `messages` (`id`, `from_user_id`, `to_user_id`, `body`, `created_at`) VALUES ('100', '100', '87', 'Error recusandae cupiditate quo explicabo dolorem error explicabo unde. Repellat qui molestiae laboriosam beatae fuga aut impedit. Autem aspernatur temporibus molestiae molestiae aperiam.', '1983-01-02 02:02:20');


#
# TABLE STRUCTURE FOR: photo_albums
#

DROP TABLE IF EXISTS `photo_albums`;

CREATE TABLE `photo_albums` (
  `id` bigint(20) unsigned NOT NULL AUTO_INCREMENT,
  `name` varchar(255) COLLATE utf8mb4_unicode_ci DEFAULT NULL,
  `user_id` bigint(20) unsigned DEFAULT NULL,
  PRIMARY KEY (`id`),
  UNIQUE KEY `id` (`id`),
  KEY `user_id` (`user_id`),
  CONSTRAINT `photo_albums_ibfk_1` FOREIGN KEY (`user_id`) REFERENCES `users` (`id`) ON DELETE SET NULL ON UPDATE CASCADE
) ENGINE=InnoDB AUTO_INCREMENT=11 DEFAULT CHARSET=utf8mb4 COLLATE=utf8mb4_unicode_ci;

INSERT INTO `photo_albums` (`id`, `name`, `user_id`) VALUES ('1', 'quia', '1');
INSERT INTO `photo_albums` (`id`, `name`, `user_id`) VALUES ('2', 'reprehenderit', '2');
INSERT INTO `photo_albums` (`id`, `name`, `user_id`) VALUES ('3', 'odit', '3');
INSERT INTO `photo_albums` (`id`, `name`, `user_id`) VALUES ('4', 'et', '4');
INSERT INTO `photo_albums` (`id`, `name`, `user_id`) VALUES ('5', 'illo', '5');
INSERT INTO `photo_albums` (`id`, `name`, `user_id`) VALUES ('6', 'ut', '6');
INSERT INTO `photo_albums` (`id`, `name`, `user_id`) VALUES ('7', 'omnis', '7');
INSERT INTO `photo_albums` (`id`, `name`, `user_id`) VALUES ('8', 'quidem', '8');
INSERT INTO `photo_albums` (`id`, `name`, `user_id`) VALUES ('9', 'consequatur', '9');
INSERT INTO `photo_albums` (`id`, `name`, `user_id`) VALUES ('10', 'reiciendis', '10');


#
# TABLE STRUCTURE FOR: photos
#

DROP TABLE IF EXISTS `photos`;

CREATE TABLE `photos` (
  `id` bigint(20) unsigned NOT NULL AUTO_INCREMENT,
  `album_id` bigint(20) unsigned NOT NULL,
  `media_id` bigint(20) unsigned NOT NULL,
  PRIMARY KEY (`id`),
  KEY `album_id` (`album_id`),
  KEY `media_id` (`media_id`),
  CONSTRAINT `photos_ibfk_1` FOREIGN KEY (`album_id`) REFERENCES `photo_albums` (`id`) ON DELETE CASCADE ON UPDATE CASCADE,
  CONSTRAINT `photos_ibfk_2` FOREIGN KEY (`media_id`) REFERENCES `media` (`id`) ON DELETE CASCADE ON UPDATE CASCADE
) ENGINE=InnoDB AUTO_INCREMENT=51 DEFAULT CHARSET=utf8mb4 COLLATE=utf8mb4_unicode_ci;

INSERT INTO `photos` (`id`, `album_id`, `media_id`) VALUES ('1', '1', '1');
INSERT INTO `photos` (`id`, `album_id`, `media_id`) VALUES ('2', '2', '2');
INSERT INTO `photos` (`id`, `album_id`, `media_id`) VALUES ('3', '3', '3');
INSERT INTO `photos` (`id`, `album_id`, `media_id`) VALUES ('4', '4', '4');
INSERT INTO `photos` (`id`, `album_id`, `media_id`) VALUES ('5', '5', '5');
INSERT INTO `photos` (`id`, `album_id`, `media_id`) VALUES ('6', '6', '6');
INSERT INTO `photos` (`id`, `album_id`, `media_id`) VALUES ('7', '7', '7');
INSERT INTO `photos` (`id`, `album_id`, `media_id`) VALUES ('8', '8', '8');
INSERT INTO `photos` (`id`, `album_id`, `media_id`) VALUES ('9', '9', '9');
INSERT INTO `photos` (`id`, `album_id`, `media_id`) VALUES ('10', '10', '10');
INSERT INTO `photos` (`id`, `album_id`, `media_id`) VALUES ('11', '1', '11');
INSERT INTO `photos` (`id`, `album_id`, `media_id`) VALUES ('12', '2', '12');
INSERT INTO `photos` (`id`, `album_id`, `media_id`) VALUES ('13', '3', '13');
INSERT INTO `photos` (`id`, `album_id`, `media_id`) VALUES ('14', '4', '14');
INSERT INTO `photos` (`id`, `album_id`, `media_id`) VALUES ('15', '5', '15');
INSERT INTO `photos` (`id`, `album_id`, `media_id`) VALUES ('16', '6', '16');
INSERT INTO `photos` (`id`, `album_id`, `media_id`) VALUES ('17', '7', '17');
INSERT INTO `photos` (`id`, `album_id`, `media_id`) VALUES ('18', '8', '18');
INSERT INTO `photos` (`id`, `album_id`, `media_id`) VALUES ('19', '9', '19');
INSERT INTO `photos` (`id`, `album_id`, `media_id`) VALUES ('20', '10', '20');
INSERT INTO `photos` (`id`, `album_id`, `media_id`) VALUES ('21', '1', '21');
INSERT INTO `photos` (`id`, `album_id`, `media_id`) VALUES ('22', '2', '22');
INSERT INTO `photos` (`id`, `album_id`, `media_id`) VALUES ('23', '3', '23');
INSERT INTO `photos` (`id`, `album_id`, `media_id`) VALUES ('24', '4', '24');
INSERT INTO `photos` (`id`, `album_id`, `media_id`) VALUES ('25', '5', '25');
INSERT INTO `photos` (`id`, `album_id`, `media_id`) VALUES ('26', '6', '26');
INSERT INTO `photos` (`id`, `album_id`, `media_id`) VALUES ('27', '7', '27');
INSERT INTO `photos` (`id`, `album_id`, `media_id`) VALUES ('28', '8', '28');
INSERT INTO `photos` (`id`, `album_id`, `media_id`) VALUES ('29', '9', '29');
INSERT INTO `photos` (`id`, `album_id`, `media_id`) VALUES ('30', '10', '30');
INSERT INTO `photos` (`id`, `album_id`, `media_id`) VALUES ('31', '1', '31');
INSERT INTO `photos` (`id`, `album_id`, `media_id`) VALUES ('32', '2', '32');
INSERT INTO `photos` (`id`, `album_id`, `media_id`) VALUES ('33', '3', '33');
INSERT INTO `photos` (`id`, `album_id`, `media_id`) VALUES ('34', '4', '34');
INSERT INTO `photos` (`id`, `album_id`, `media_id`) VALUES ('35', '5', '35');
INSERT INTO `photos` (`id`, `album_id`, `media_id`) VALUES ('36', '6', '36');
INSERT INTO `photos` (`id`, `album_id`, `media_id`) VALUES ('37', '7', '37');
INSERT INTO `photos` (`id`, `album_id`, `media_id`) VALUES ('38', '8', '38');
INSERT INTO `photos` (`id`, `album_id`, `media_id`) VALUES ('39', '9', '39');
INSERT INTO `photos` (`id`, `album_id`, `media_id`) VALUES ('40', '10', '40');
INSERT INTO `photos` (`id`, `album_id`, `media_id`) VALUES ('41', '1', '41');
INSERT INTO `photos` (`id`, `album_id`, `media_id`) VALUES ('42', '2', '42');
INSERT INTO `photos` (`id`, `album_id`, `media_id`) VALUES ('43', '3', '43');
INSERT INTO `photos` (`id`, `album_id`, `media_id`) VALUES ('44', '4', '44');
INSERT INTO `photos` (`id`, `album_id`, `media_id`) VALUES ('45', '5', '45');
INSERT INTO `photos` (`id`, `album_id`, `media_id`) VALUES ('46', '6', '46');
INSERT INTO `photos` (`id`, `album_id`, `media_id`) VALUES ('47', '7', '47');
INSERT INTO `photos` (`id`, `album_id`, `media_id`) VALUES ('48', '8', '48');
INSERT INTO `photos` (`id`, `album_id`, `media_id`) VALUES ('49', '9', '49');
INSERT INTO `photos` (`id`, `album_id`, `media_id`) VALUES ('50', '10', '50');


#
# TABLE STRUCTURE FOR: profiles
#

DROP TABLE IF EXISTS `profiles`;

CREATE TABLE `profiles` (
  `user_id` bigint(20) unsigned NOT NULL AUTO_INCREMENT,
  `gender` char(1) COLLATE utf8mb4_unicode_ci DEFAULT NULL,
  `birthday` date DEFAULT NULL,
  `photo_id` bigint(20) unsigned DEFAULT NULL,
  `created_at` datetime DEFAULT current_timestamp(),
  `hometown` varchar(100) COLLATE utf8mb4_unicode_ci DEFAULT NULL,
  PRIMARY KEY (`user_id`),
  KEY `fk_photo_id` (`photo_id`),
  CONSTRAINT `fk_photo_id` FOREIGN KEY (`photo_id`) REFERENCES `photos` (`id`) ON DELETE SET NULL ON UPDATE CASCADE,
  CONSTRAINT `fk_user_id` FOREIGN KEY (`user_id`) REFERENCES `users` (`id`) ON DELETE CASCADE ON UPDATE CASCADE
) ENGINE=InnoDB AUTO_INCREMENT=51 DEFAULT CHARSET=utf8mb4 COLLATE=utf8mb4_unicode_ci;

INSERT INTO `profiles` (`user_id`, `gender`, `birthday`, `photo_id`, `created_at`, `hometown`) VALUES ('1', 'm', '2004-08-14', '1', '2006-08-20 15:30:39', 'Bradtkemouth');
INSERT INTO `profiles` (`user_id`, `gender`, `birthday`, `photo_id`, `created_at`, `hometown`) VALUES ('2', 'm', '2006-06-30', '2', '1994-05-13 16:22:37', 'Gerholdfort');
INSERT INTO `profiles` (`user_id`, `gender`, `birthday`, `photo_id`, `created_at`, `hometown`) VALUES ('3', 'f', '2001-01-14', '3', '1992-07-30 20:15:05', 'Eusebioton');
INSERT INTO `profiles` (`user_id`, `gender`, `birthday`, `photo_id`, `created_at`, `hometown`) VALUES ('4', 'f', '2022-11-08', '4', '1970-12-01 02:52:19', 'Natashaport');
INSERT INTO `profiles` (`user_id`, `gender`, `birthday`, `photo_id`, `created_at`, `hometown`) VALUES ('5', 'f', '1986-08-29', '5', '1977-09-19 03:09:11', 'DuBuqueshire');
INSERT INTO `profiles` (`user_id`, `gender`, `birthday`, `photo_id`, `created_at`, `hometown`) VALUES ('6', 'f', '2021-02-03', '6', '1971-09-23 14:09:56', 'Webershire');
INSERT INTO `profiles` (`user_id`, `gender`, `birthday`, `photo_id`, `created_at`, `hometown`) VALUES ('7', 'f', '1989-08-29', '7', '1993-07-16 22:04:09', 'Smithstad');
INSERT INTO `profiles` (`user_id`, `gender`, `birthday`, `photo_id`, `created_at`, `hometown`) VALUES ('8', 'm', '1998-11-11', '8', '2019-01-06 05:10:26', 'Port Jessie');
INSERT INTO `profiles` (`user_id`, `gender`, `birthday`, `photo_id`, `created_at`, `hometown`) VALUES ('9', 'm', '1987-08-24', '9', '2000-03-29 04:44:04', 'Valerieland');
INSERT INTO `profiles` (`user_id`, `gender`, `birthday`, `photo_id`, `created_at`, `hometown`) VALUES ('10', 'm', '2005-03-15', '10', '1976-05-24 16:41:24', 'Jenningsburgh');
INSERT INTO `profiles` (`user_id`, `gender`, `birthday`, `photo_id`, `created_at`, `hometown`) VALUES ('11', 'f', '1989-08-08', '11', '2013-01-08 05:28:52', 'South Jodieton');
INSERT INTO `profiles` (`user_id`, `gender`, `birthday`, `photo_id`, `created_at`, `hometown`) VALUES ('12', 'm', '1971-10-12', '12', '1980-10-16 16:51:33', 'Abernathychester');
INSERT INTO `profiles` (`user_id`, `gender`, `birthday`, `photo_id`, `created_at`, `hometown`) VALUES ('13', 'm', '2003-10-12', '13', '1983-05-10 04:23:43', 'East Ines');
INSERT INTO `profiles` (`user_id`, `gender`, `birthday`, `photo_id`, `created_at`, `hometown`) VALUES ('14', 'f', '2015-07-11', '14', '1992-06-01 08:40:58', 'Williamsonfurt');
INSERT INTO `profiles` (`user_id`, `gender`, `birthday`, `photo_id`, `created_at`, `hometown`) VALUES ('15', 'm', '1997-09-24', '15', '1974-06-01 17:41:24', 'New Drewshire');
INSERT INTO `profiles` (`user_id`, `gender`, `birthday`, `photo_id`, `created_at`, `hometown`) VALUES ('16', 'f', '2022-03-09', '16', '1998-04-15 03:20:50', 'McLaughlinchester');
INSERT INTO `profiles` (`user_id`, `gender`, `birthday`, `photo_id`, `created_at`, `hometown`) VALUES ('17', 'm', '2008-08-09', '17', '2006-03-09 14:55:54', 'Paulinefurt');
INSERT INTO `profiles` (`user_id`, `gender`, `birthday`, `photo_id`, `created_at`, `hometown`) VALUES ('18', 'f', '1977-02-06', '18', '2019-04-20 02:31:45', 'Archibaldport');
INSERT INTO `profiles` (`user_id`, `gender`, `birthday`, `photo_id`, `created_at`, `hometown`) VALUES ('19', 'm', '2017-09-21', '19', '2000-09-27 04:16:00', 'Haagville');
INSERT INTO `profiles` (`user_id`, `gender`, `birthday`, `photo_id`, `created_at`, `hometown`) VALUES ('20', 'f', '2003-11-29', '20', '2005-09-12 10:40:05', 'West Ethel');
INSERT INTO `profiles` (`user_id`, `gender`, `birthday`, `photo_id`, `created_at`, `hometown`) VALUES ('21', 'm', '2014-11-15', '21', '2005-05-21 20:09:42', 'East Cheyanne');
INSERT INTO `profiles` (`user_id`, `gender`, `birthday`, `photo_id`, `created_at`, `hometown`) VALUES ('22', 'm', '2004-10-10', '22', '1979-03-02 02:52:13', 'East Devonte');
INSERT INTO `profiles` (`user_id`, `gender`, `birthday`, `photo_id`, `created_at`, `hometown`) VALUES ('23', 'm', '1976-01-12', '23', '1970-05-04 11:01:30', 'Eryntown');
INSERT INTO `profiles` (`user_id`, `gender`, `birthday`, `photo_id`, `created_at`, `hometown`) VALUES ('24', 'm', '2004-07-03', '24', '1973-03-12 06:28:21', 'North Janessa');
INSERT INTO `profiles` (`user_id`, `gender`, `birthday`, `photo_id`, `created_at`, `hometown`) VALUES ('25', 'm', '1976-11-29', '25', '2012-09-20 01:59:27', 'Lake Jalen');
INSERT INTO `profiles` (`user_id`, `gender`, `birthday`, `photo_id`, `created_at`, `hometown`) VALUES ('26', 'f', '1990-10-09', '26', '1997-10-24 11:30:54', 'Eldridgeton');
INSERT INTO `profiles` (`user_id`, `gender`, `birthday`, `photo_id`, `created_at`, `hometown`) VALUES ('27', 'm', '1982-07-15', '27', '1996-12-24 06:37:40', 'Volkmanhaven');
INSERT INTO `profiles` (`user_id`, `gender`, `birthday`, `photo_id`, `created_at`, `hometown`) VALUES ('28', 'f', '1978-01-19', '28', '1988-06-17 09:01:57', 'Port Elizabeth');
INSERT INTO `profiles` (`user_id`, `gender`, `birthday`, `photo_id`, `created_at`, `hometown`) VALUES ('29', 'f', '1979-05-10', '29', '1974-05-03 23:55:02', 'Medhurstmouth');
INSERT INTO `profiles` (`user_id`, `gender`, `birthday`, `photo_id`, `created_at`, `hometown`) VALUES ('30', 'f', '1999-02-15', '30', '1997-11-26 10:28:18', 'Aidenburgh');
INSERT INTO `profiles` (`user_id`, `gender`, `birthday`, `photo_id`, `created_at`, `hometown`) VALUES ('31', 'm', '1988-08-22', '31', '1978-08-08 13:01:25', 'Lake Coy');
INSERT INTO `profiles` (`user_id`, `gender`, `birthday`, `photo_id`, `created_at`, `hometown`) VALUES ('32', 'm', '2018-01-31', '32', '2015-07-23 13:02:59', 'South Fred');
INSERT INTO `profiles` (`user_id`, `gender`, `birthday`, `photo_id`, `created_at`, `hometown`) VALUES ('33', 'f', '1990-06-05', '33', '2009-01-11 01:09:04', 'New Reilly');
INSERT INTO `profiles` (`user_id`, `gender`, `birthday`, `photo_id`, `created_at`, `hometown`) VALUES ('34', 'f', '1995-11-07', '34', '1980-03-05 14:34:36', 'Port Alliestad');
INSERT INTO `profiles` (`user_id`, `gender`, `birthday`, `photo_id`, `created_at`, `hometown`) VALUES ('35', 'f', '1999-07-27', '35', '1971-06-14 15:20:10', 'Lake Angus');
INSERT INTO `profiles` (`user_id`, `gender`, `birthday`, `photo_id`, `created_at`, `hometown`) VALUES ('36', 'm', '1970-08-31', '36', '2010-02-07 09:47:52', 'Lake Opal');
INSERT INTO `profiles` (`user_id`, `gender`, `birthday`, `photo_id`, `created_at`, `hometown`) VALUES ('37', 'm', '1973-08-26', '37', '2012-02-17 16:11:34', 'East Cristobal');
INSERT INTO `profiles` (`user_id`, `gender`, `birthday`, `photo_id`, `created_at`, `hometown`) VALUES ('38', 'm', '1986-03-28', '38', '2007-08-07 11:06:50', 'Reillyberg');
INSERT INTO `profiles` (`user_id`, `gender`, `birthday`, `photo_id`, `created_at`, `hometown`) VALUES ('39', 'm', '1985-04-25', '39', '1986-11-23 08:06:22', 'Mrazland');
INSERT INTO `profiles` (`user_id`, `gender`, `birthday`, `photo_id`, `created_at`, `hometown`) VALUES ('40', 'f', '2008-10-28', '40', '1978-04-02 00:26:52', 'Lake Cassandrebury');
INSERT INTO `profiles` (`user_id`, `gender`, `birthday`, `photo_id`, `created_at`, `hometown`) VALUES ('41', 'f', '1993-11-12', '41', '2013-10-13 17:17:58', 'Port Arianeland');
INSERT INTO `profiles` (`user_id`, `gender`, `birthday`, `photo_id`, `created_at`, `hometown`) VALUES ('42', 'm', '2019-05-20', '42', '1972-03-08 21:11:45', 'North Sandrinefort');
INSERT INTO `profiles` (`user_id`, `gender`, `birthday`, `photo_id`, `created_at`, `hometown`) VALUES ('43', 'f', '2012-10-18', '43', '1975-11-19 18:08:46', 'Glendastad');
INSERT INTO `profiles` (`user_id`, `gender`, `birthday`, `photo_id`, `created_at`, `hometown`) VALUES ('44', 'f', '2009-07-18', '44', '1975-06-28 06:11:15', 'Bridiestad');
INSERT INTO `profiles` (`user_id`, `gender`, `birthday`, `photo_id`, `created_at`, `hometown`) VALUES ('45', 'm', '1970-12-02', '45', '1975-10-05 12:12:16', 'Emilland');
INSERT INTO `profiles` (`user_id`, `gender`, `birthday`, `photo_id`, `created_at`, `hometown`) VALUES ('46', 'm', '1993-12-05', '46', '1991-12-06 17:34:04', 'Vicentachester');
INSERT INTO `profiles` (`user_id`, `gender`, `birthday`, `photo_id`, `created_at`, `hometown`) VALUES ('47', 'f', '1977-03-18', '47', '1998-04-28 09:30:05', 'Retachester');
INSERT INTO `profiles` (`user_id`, `gender`, `birthday`, `photo_id`, `created_at`, `hometown`) VALUES ('48', 'm', '1994-07-10', '48', '2015-01-18 20:14:44', 'Wintheiserchester');
INSERT INTO `profiles` (`user_id`, `gender`, `birthday`, `photo_id`, `created_at`, `hometown`) VALUES ('49', 'f', '1972-05-04', '49', '2012-01-11 11:48:19', 'Tylerton');
INSERT INTO `profiles` (`user_id`, `gender`, `birthday`, `photo_id`, `created_at`, `hometown`) VALUES ('50', 'f', '1989-06-04', '50', '1973-10-23 07:54:00', 'Port Tomasahaven');


#
# TABLE STRUCTURE FOR: users
#

DROP TABLE IF EXISTS `users`;

CREATE TABLE `users` (
  `id` bigint(20) unsigned NOT NULL AUTO_INCREMENT,
  `firstname` varchar(100) COLLATE utf8mb4_unicode_ci DEFAULT NULL,
  `lastname` varchar(100) COLLATE utf8mb4_unicode_ci DEFAULT NULL COMMENT '',
  `email` varchar(100) COLLATE utf8mb4_unicode_ci DEFAULT NULL,
  `password_hash` varchar(100) COLLATE utf8mb4_unicode_ci DEFAULT NULL,
  `phone` bigint(20) DEFAULT NULL,
  `is_deleted` bit(1) DEFAULT b'0',
  PRIMARY KEY (`id`),
  UNIQUE KEY `email` (`email`),
  KEY `users_firstname_lastname_idx` (`firstname`,`lastname`)
) ENGINE=InnoDB AUTO_INCREMENT=101 DEFAULT CHARSET=utf8mb4 COLLATE=utf8mb4_unicode_ci;

INSERT INTO `users` (`id`, `firstname`, `lastname`, `email`, `password_hash`, `phone`, `is_deleted`) VALUES ('1', '', '', 'b@example.net', 'c13ff2e037249d74086852a72773d426a6fe0a7f', '8', '0');
INSERT INTO `users` (`id`, `firstname`, `lastname`, `email`, `password_hash`, `phone`, `is_deleted`) VALUES ('2', '', '', 'd@example.org', '9432f2a4b5b5f6fa6cc19e4a9a32e6f53b6be98a', '0', '0');
INSERT INTO `users` (`id`, `firstname`, `lastname`, `email`, `password_hash`, `phone`, `is_deleted`) VALUES ('3', '', '', '22@example.org', '9516e5c061b2062e2bd0f096dc9f73cbf220a2fa', '0', '1');
INSERT INTO `users` (`id`, `firstname`, `lastname`, `email`, `password_hash`, `phone`, `is_deleted`) VALUES ('4', '', '', '35@example.com', 'a859ce4a03a390fd154cf98075240368a8ad8bda', '8', '0');
INSERT INTO `users` (`id`, `firstname`, `lastname`, `email`, `password_hash`, `phone`, `is_deleted`) VALUES ('5', '', '', 'm@example.com', 'ba32c69fd115643b298898a780951222299a59aa', '0', '0');
INSERT INTO `users` (`id`, `firstname`, `lastname`, `email`, `password_hash`, `phone`, `is_deleted`) VALUES ('6', '', '', 'u@example.org', 'e92dae7eefd576506555942cb3cf2223f731a658', '0', '1');
INSERT INTO `users` (`id`, `firstname`, `lastname`, `email`, `password_hash`, `phone`, `is_deleted`) VALUES ('7', '', '', '.@example.com', 'dac053c9d24a06d56f26e93002b3bb8bc28792c8', '0', '1');
INSERT INTO `users` (`id`, `firstname`, `lastname`, `email`, `password_hash`, `phone`, `is_deleted`) VALUES ('8', '', '', '90@example.net', 'fd4ae58176084d0bf4fd1f999ec53cd8153674b3', '8', '1');
INSERT INTO `users` (`id`, `firstname`, `lastname`, `email`, `password_hash`, `phone`, `is_deleted`) VALUES ('9', '', '', 'o@example.org', 'c7ce5049fe58d03cf885c6f541fcd9cc7942bc18', '0', '1');
INSERT INTO `users` (`id`, `firstname`, `lastname`, `email`, `password_hash`, `phone`, `is_deleted`) VALUES ('10', '', '', '.@example.org', '6527e9c40736c77922cf37dea634412daebdc837', '0', '1');
INSERT INTO `users` (`id`, `firstname`, `lastname`, `email`, `password_hash`, `phone`, `is_deleted`) VALUES ('11', '', '', 'x@example.net', '24e7017ec8277d745bee5afa4f5b13c651e3b1e7', '7', '0');
INSERT INTO `users` (`id`, `firstname`, `lastname`, `email`, `password_hash`, `phone`, `is_deleted`) VALUES ('12', '', '', 'c@example.org', '86d8682b2200dde127ab0cabc4894ac27dc9d27f', '0', '1');
INSERT INTO `users` (`id`, `firstname`, `lastname`, `email`, `password_hash`, `phone`, `is_deleted`) VALUES ('13', '', '', '.@example.org', '1ad3b8d32dc7463da4009673bfac7660e434161a', '0', '0');
INSERT INTO `users` (`id`, `firstname`, `lastname`, `email`, `password_hash`, `phone`, `is_deleted`) VALUES ('14', '', '', '.@example.net', 'e45cfc5af99b1229f1c82af216d328961f7f61c8', '0', '0');
INSERT INTO `users` (`id`, `firstname`, `lastname`, `email`, `password_hash`, `phone`, `is_deleted`) VALUES ('15', '', '', '.@example.com', 'c773b53baa2d3368d2b68e30903a72648ec93894', '8', '1');
INSERT INTO `users` (`id`, `firstname`, `lastname`, `email`, `password_hash`, `phone`, `is_deleted`) VALUES ('16', '', '', '.@example.org', '888272ccc9015c967e754e8f855c58c854c4b56b', '0', '1');
INSERT INTO `users` (`id`, `firstname`, `lastname`, `email`, `password_hash`, `phone`, `is_deleted`) VALUES ('17', '', '', '.@example.org', '2cf197435c4b0e60322c81861be25219b2e7de32', '0', '1');
INSERT INTO `users` (`id`, `firstname`, `lastname`, `email`, `password_hash`, `phone`, `is_deleted`) VALUES ('18', '', '', '07@example.net', '114863b4a6e1d01f0ea85f6f20035d5a9fe46246', '7', '1');
INSERT INTO `users` (`id`, `firstname`, `lastname`, `email`, `password_hash`, `phone`, `is_deleted`) VALUES ('19', '', '', 's@example.com', '968b0178ed47ec90900b0eb88b946bab2df4bbef', '0', '1');
INSERT INTO `users` (`id`, `firstname`, `lastname`, `email`, `password_hash`, `phone`, `is_deleted`) VALUES ('20', '', '', '60@example.com', 'f195f4733c8443865f58fe551a33f7d37d4ea991', '0', '0');
INSERT INTO `users` (`id`, `firstname`, `lastname`, `email`, `password_hash`, `phone`, `is_deleted`) VALUES ('21', '', '', '15@example.org', '34a854a907d36b746868ca9513bb9350a6c55dec', '0', '1');
INSERT INTO `users` (`id`, `firstname`, `lastname`, `email`, `password_hash`, `phone`, `is_deleted`) VALUES ('22', '', '', '73@example.net', '49ed1930a9bed653a63a44bc38dcaae795e98bd8', '8', '0');
INSERT INTO `users` (`id`, `firstname`, `lastname`, `email`, `password_hash`, `phone`, `is_deleted`) VALUES ('23', '', '', '.@example.com', '0065a37494311cab1b152551235b62cc1e229332', '7', '1');
INSERT INTO `users` (`id`, `firstname`, `lastname`, `email`, `password_hash`, `phone`, `is_deleted`) VALUES ('24', '', '', '.@example.net', '12f6ae866f0d983410b3d74a57f289c0c0ced0d9', '0', '0');
INSERT INTO `users` (`id`, `firstname`, `lastname`, `email`, `password_hash`, `phone`, `is_deleted`) VALUES ('25', '', '', '.@example.org', '1c94ea126ad545928aab3df44a44d17742724a08', '7', '1');
INSERT INTO `users` (`id`, `firstname`, `lastname`, `email`, `password_hash`, `phone`, `is_deleted`) VALUES ('26', '', '', 'i@example.net', 'c93f093a0240efc9d1c7fb73bb8e0cadf82ebb69', '0', '1');
INSERT INTO `users` (`id`, `firstname`, `lastname`, `email`, `password_hash`, `phone`, `is_deleted`) VALUES ('27', '', '', 'm@example.net', '11120d8faf9281b54dc17f2a5e3cee285674ab9b', '8', '0');
INSERT INTO `users` (`id`, `firstname`, `lastname`, `email`, `password_hash`, `phone`, `is_deleted`) VALUES ('28', '', '', '.@example.org', 'a01eb6028ac32432b0d9607a4ab986403e1d2a4e', '7', '1');
INSERT INTO `users` (`id`, `firstname`, `lastname`, `email`, `password_hash`, `phone`, `is_deleted`) VALUES ('29', '', '', '.@example.com', '0e6b0004fc02b5fdf454ffe82ceef2c195709c41', '0', '1');
INSERT INTO `users` (`id`, `firstname`, `lastname`, `email`, `password_hash`, `phone`, `is_deleted`) VALUES ('30', '', '', '.@example.net', 'e36042c27f43522fda963177699e7f4348da4635', '7', '1');
INSERT INTO `users` (`id`, `firstname`, `lastname`, `email`, `password_hash`, `phone`, `is_deleted`) VALUES ('31', '', '', '.@example.org', '9709957fdeb41767ef973219afff9ef62bb14263', '8', '0');
INSERT INTO `users` (`id`, `firstname`, `lastname`, `email`, `password_hash`, `phone`, `is_deleted`) VALUES ('32', '', '', '.@example.com', 'f106808d8fb937411e440915358a80e0513a1143', '0', '1');
INSERT INTO `users` (`id`, `firstname`, `lastname`, `email`, `password_hash`, `phone`, `is_deleted`) VALUES ('33', '', '', '54@example.org', 'c6dd895fc1ee0241103a07f510f68e3d4fcb736b', '7', '0');
INSERT INTO `users` (`id`, `firstname`, `lastname`, `email`, `password_hash`, `phone`, `is_deleted`) VALUES ('34', '', '', '.@example.com', '2285e152a598654f057997816fc90574719fa41c', '0', '1');
INSERT INTO `users` (`id`, `firstname`, `lastname`, `email`, `password_hash`, `phone`, `is_deleted`) VALUES ('35', '', '', '.@example.com', 'ad30de6d2af76c2a7a4ef8bf422a630cf26ea0a0', '0', '1');
INSERT INTO `users` (`id`, `firstname`, `lastname`, `email`, `password_hash`, `phone`, `is_deleted`) VALUES ('36', '', '', 'h@example.com', '5e09d0158f18b475436b4556bf30e7213d64a651', '0', '1');
INSERT INTO `users` (`id`, `firstname`, `lastname`, `email`, `password_hash`, `phone`, `is_deleted`) VALUES ('37', '', '', '.@example.net', '9c24f52861178f63ddbd7dec74056f0915a58dee', '7', '0');
INSERT INTO `users` (`id`, `firstname`, `lastname`, `email`, `password_hash`, `phone`, `is_deleted`) VALUES ('38', '', '', '41@example.com', 'e4a75bc1964ec1fee0c5c51d5e0b2d38ec414e72', '0', '0');
INSERT INTO `users` (`id`, `firstname`, `lastname`, `email`, `password_hash`, `phone`, `is_deleted`) VALUES ('39', '', '', 'i@example.org', '13c6d7e7f9552782ec41cbf9f7f0275164fd7ec7', '0', '0');
INSERT INTO `users` (`id`, `firstname`, `lastname`, `email`, `password_hash`, `phone`, `is_deleted`) VALUES ('40', '', '', '.@example.org', '899ba6774fcfd0b95df0cd376ebaaa5497ac5dc1', '0', '1');
INSERT INTO `users` (`id`, `firstname`, `lastname`, `email`, `password_hash`, `phone`, `is_deleted`) VALUES ('41', '', '', '33@example.org', 'd020040640882b8a1fb9fcf5c1d142abe6e06979', '0', '0');
INSERT INTO `users` (`id`, `firstname`, `lastname`, `email`, `password_hash`, `phone`, `is_deleted`) VALUES ('42', '', '', '.@example.net', 'fd51bb79339affe0b69737e14cd5880431a827ca', '8', '1');
INSERT INTO `users` (`id`, `firstname`, `lastname`, `email`, `password_hash`, `phone`, `is_deleted`) VALUES ('43', '', '', '.@example.net', 'd2ba32c81ad6a2c15cb72d781e1614e92ddeaa20', '0', '1');
INSERT INTO `users` (`id`, `firstname`, `lastname`, `email`, `password_hash`, `phone`, `is_deleted`) VALUES ('44', '', '', '.@example.org', 'bad3172e748f3ef264b92c11a93f849b3682340b', '7', '0');
INSERT INTO `users` (`id`, `firstname`, `lastname`, `email`, `password_hash`, `phone`, `is_deleted`) VALUES ('45', '', '', '17@example.org', 'b34b75f9afd605cbab01df8cda371976d0954e3c', '8', '0');
INSERT INTO `users` (`id`, `firstname`, `lastname`, `email`, `password_hash`, `phone`, `is_deleted`) VALUES ('46', '', '', '.@example.net', 'b1b502de2e174f5f9e836f4721d1495ab2ff395c', '0', '0');
INSERT INTO `users` (`id`, `firstname`, `lastname`, `email`, `password_hash`, `phone`, `is_deleted`) VALUES ('47', '', '', '35@example.com', '0c668a401ca2906a8bf6f3aafd747c82ba744533', '0', '0');
INSERT INTO `users` (`id`, `firstname`, `lastname`, `email`, `password_hash`, `phone`, `is_deleted`) VALUES ('48', '', '', '67@example.net', '8d490575b637a70ed0e89a7373fe59d6457ec194', '0', '0');
INSERT INTO `users` (`id`, `firstname`, `lastname`, `email`, `password_hash`, `phone`, `is_deleted`) VALUES ('49', '', '', '34@example.net', '3c30f172d04b096362b14c8bee224f5366c1a254', '0', '1');
INSERT INTO `users` (`id`, `firstname`, `lastname`, `email`, `password_hash`, `phone`, `is_deleted`) VALUES ('50', '', '', '51@example.net', '4bfc016af5b00ec1c8b4cfd100cc372d9975a2e6', '7', '0');
INSERT INTO `users` (`id`, `firstname`, `lastname`, `email`, `password_hash`, `phone`, `is_deleted`) VALUES ('51', '', '', '.@example.net', '31e856d364f6d7bdde87fb2d9c41d2057c410926', '0', '0');
INSERT INTO `users` (`id`, `firstname`, `lastname`, `email`, `password_hash`, `phone`, `is_deleted`) VALUES ('52', '', '', '64@example.org', 'ce0ef77e337ad36b41d307f6c4c7a8e7e446ab47', '0', '1');
INSERT INTO `users` (`id`, `firstname`, `lastname`, `email`, `password_hash`, `phone`, `is_deleted`) VALUES ('53', '', '', 'v@example.org', '0c6dced547de61ef24087ee5afa1143847f9bebb', '7', '1');
INSERT INTO `users` (`id`, `firstname`, `lastname`, `email`, `password_hash`, `phone`, `is_deleted`) VALUES ('54', '', '', '.@example.com', '61d8c2aa23c80a695b7df0e5509fae2f7414b44d', '0', '0');
INSERT INTO `users` (`id`, `firstname`, `lastname`, `email`, `password_hash`, `phone`, `is_deleted`) VALUES ('55', '', '', '.@example.net', '782e913a10ceaa67fd42062345bde51f1c19fb86', '0', '0');
INSERT INTO `users` (`id`, `firstname`, `lastname`, `email`, `password_hash`, `phone`, `is_deleted`) VALUES ('56', '', '', '.@example.com', '67b19019c72b18dc073fa1af6e68cf0cc785e1d8', '8', '1');
INSERT INTO `users` (`id`, `firstname`, `lastname`, `email`, `password_hash`, `phone`, `is_deleted`) VALUES ('57', '', '', '10@example.org', '6060765c06f89440d93e5f382058385084534702', '8', '1');
INSERT INTO `users` (`id`, `firstname`, `lastname`, `email`, `password_hash`, `phone`, `is_deleted`) VALUES ('58', '', '', 'p@example.org', '172ad778ca3443f7ec90b1feaa6960f6cd1cbb65', '7', '1');
INSERT INTO `users` (`id`, `firstname`, `lastname`, `email`, `password_hash`, `phone`, `is_deleted`) VALUES ('59', '', '', '.@example.org', '0374e9697c2aee85e49220a2c6e5a0aa83de0408', '8', '0');
INSERT INTO `users` (`id`, `firstname`, `lastname`, `email`, `password_hash`, `phone`, `is_deleted`) VALUES ('60', '', '', '.@example.com', '8395df15183cb8aabbadf13b3341d96d99ae9362', '0', '0');
INSERT INTO `users` (`id`, `firstname`, `lastname`, `email`, `password_hash`, `phone`, `is_deleted`) VALUES ('61', '', '', '09@example.org', 'f74d08ac7caf8fd38b213305be52df1651e5b2f3', '7', '0');
INSERT INTO `users` (`id`, `firstname`, `lastname`, `email`, `password_hash`, `phone`, `is_deleted`) VALUES ('62', '', '', '.@example.com', 'f8c026aba4028d81cc4b20059498fc4989abf41f', '0', '0');
INSERT INTO `users` (`id`, `firstname`, `lastname`, `email`, `password_hash`, `phone`, `is_deleted`) VALUES ('63', '', '', '.@example.com', '6f374e750449bb3e462f0f1956654d483245fcdb', '8', '1');
INSERT INTO `users` (`id`, `firstname`, `lastname`, `email`, `password_hash`, `phone`, `is_deleted`) VALUES ('64', '', '', 'e@example.com', '6924db53aaead07453bf8e98aa5735239bf4c60f', '8', '0');
INSERT INTO `users` (`id`, `firstname`, `lastname`, `email`, `password_hash`, `phone`, `is_deleted`) VALUES ('65', '', '', '.@example.com', '635f8145e85929e3065c250cbc42ea438eb954ee', '0', '1');
INSERT INTO `users` (`id`, `firstname`, `lastname`, `email`, `password_hash`, `phone`, `is_deleted`) VALUES ('66', '', '', '.@example.org', '3c9072e591ffb095310a06e038325a42e7368207', '0', '1');
INSERT INTO `users` (`id`, `firstname`, `lastname`, `email`, `password_hash`, `phone`, `is_deleted`) VALUES ('67', '', '', '.@example.com', '90537e5c7961fda4adb5151e3dc92d26c2ea7509', '0', '1');
INSERT INTO `users` (`id`, `firstname`, `lastname`, `email`, `password_hash`, `phone`, `is_deleted`) VALUES ('68', '', '', '.@example.org', '0dfb11a4cb97695f84f4b24a21814ed9c3b5613d', '8', '1');
INSERT INTO `users` (`id`, `firstname`, `lastname`, `email`, `password_hash`, `phone`, `is_deleted`) VALUES ('69', '', '', '85@example.com', '97f1635301d0feba142010341d7de72b7b6f496c', '7', '0');
INSERT INTO `users` (`id`, `firstname`, `lastname`, `email`, `password_hash`, `phone`, `is_deleted`) VALUES ('70', '', '', '.@example.net', 'f614002a60c548e28eaf038654158a125774f9d0', '7', '0');
INSERT INTO `users` (`id`, `firstname`, `lastname`, `email`, `password_hash`, `phone`, `is_deleted`) VALUES ('71', '', '', '52@example.com', 'c337bbe843cec46056461c1377b4926461d6958c', '8', '0');
INSERT INTO `users` (`id`, `firstname`, `lastname`, `email`, `password_hash`, `phone`, `is_deleted`) VALUES ('72', '', '', '.@example.com', '0247131f4ad3db5dfaa4fc59b8038c5b52de5ff1', '8', '1');
INSERT INTO `users` (`id`, `firstname`, `lastname`, `email`, `password_hash`, `phone`, `is_deleted`) VALUES ('73', '', '', 'f@example.com', 'fcd17c5dcb71113760032c9a51c479468b93a7e5', '8', '1');
INSERT INTO `users` (`id`, `firstname`, `lastname`, `email`, `password_hash`, `phone`, `is_deleted`) VALUES ('74', '', '', '77@example.net', '765564ecd39484ecc5201cdfb5e4c2a3e11ff237', '0', '0');
INSERT INTO `users` (`id`, `firstname`, `lastname`, `email`, `password_hash`, `phone`, `is_deleted`) VALUES ('75', '', '', 'r@example.com', '647898b2f75ca4cc21457960a94669a0099951ee', '7', '0');
INSERT INTO `users` (`id`, `firstname`, `lastname`, `email`, `password_hash`, `phone`, `is_deleted`) VALUES ('76', '', '', '.@example.net', 'fc07cf1e77214d9aa38d5c1984be38033eb58352', '8', '1');
INSERT INTO `users` (`id`, `firstname`, `lastname`, `email`, `password_hash`, `phone`, `is_deleted`) VALUES ('77', '', '', '.@example.org', '11553a6f6218ff68b580c29fbeef606bc078fe62', '8', '1');
INSERT INTO `users` (`id`, `firstname`, `lastname`, `email`, `password_hash`, `phone`, `is_deleted`) VALUES ('78', '', '', 'e@example.org', 'ca99613111c2edc72e6a753e017f54d533d0b73d', '0', '1');
INSERT INTO `users` (`id`, `firstname`, `lastname`, `email`, `password_hash`, `phone`, `is_deleted`) VALUES ('79', '', '', '68@example.net', 'bb3de08d4d95a2d3961e85fd5e64dcb6269ac74b', '0', '0');
INSERT INTO `users` (`id`, `firstname`, `lastname`, `email`, `password_hash`, `phone`, `is_deleted`) VALUES ('80', '', '', '21@example.org', '92db7e96782fd174ea297fdd4d6e19e0923df1e2', '0', '0');
INSERT INTO `users` (`id`, `firstname`, `lastname`, `email`, `password_hash`, `phone`, `is_deleted`) VALUES ('81', '', '', '.@example.com', '62ed7b3c5f9aa6ae8c750dc50f3dc210a2e78968', '0', '1');
INSERT INTO `users` (`id`, `firstname`, `lastname`, `email`, `password_hash`, `phone`, `is_deleted`) VALUES ('82', '', '', '.@example.org', '6d6edb7b27f9cb8e5e54a2b84c273bc2fc925c27', '0', '0');
INSERT INTO `users` (`id`, `firstname`, `lastname`, `email`, `password_hash`, `phone`, `is_deleted`) VALUES ('83', '', '', '77@example.com', 'ddd48880dfdf1f96c3ccab2e2c5ec810bf4bcc86', '7', '0');
INSERT INTO `users` (`id`, `firstname`, `lastname`, `email`, `password_hash`, `phone`, `is_deleted`) VALUES ('84', '', '', '37@example.net', 'f1f04aa96ccdcbd777047cf7f29724b949aa1324', '0', '0');
INSERT INTO `users` (`id`, `firstname`, `lastname`, `email`, `password_hash`, `phone`, `is_deleted`) VALUES ('85', '', '', 'u@example.net', 'b2f74c66ab5f675ef80f7e1a6d4afe45098c2270', '0', '1');
INSERT INTO `users` (`id`, `firstname`, `lastname`, `email`, `password_hash`, `phone`, `is_deleted`) VALUES ('86', '', '', 'g@example.com', '305b0ee89f1cad12d6e9290f695f47b98921f9ca', '0', '0');
INSERT INTO `users` (`id`, `firstname`, `lastname`, `email`, `password_hash`, `phone`, `is_deleted`) VALUES ('87', '', '', 'j@example.com', '83baebed97563276ca031fed68b43567c8773094', '0', '0');
INSERT INTO `users` (`id`, `firstname`, `lastname`, `email`, `password_hash`, `phone`, `is_deleted`) VALUES ('88', '', '', '.@example.org', 'e01c624e5d3cbcbd1d1124cd6650fcf08f67e503', '0', '1');
INSERT INTO `users` (`id`, `firstname`, `lastname`, `email`, `password_hash`, `phone`, `is_deleted`) VALUES ('89', '', '', '.@example.org', 'ae1427b0037302a3454e9692821a6ccf76e97a72', '8', '0');
INSERT INTO `users` (`id`, `firstname`, `lastname`, `email`, `password_hash`, `phone`, `is_deleted`) VALUES ('90', '', '', '.@example.com', '8a2e9bcd8e86b74803ed97edee11f0ea392a0b2b', '7', '0');
INSERT INTO `users` (`id`, `firstname`, `lastname`, `email`, `password_hash`, `phone`, `is_deleted`) VALUES ('91', '', '', '30@example.net', '1dd52543b5278d4b4047dac6223a44a8b4ba3dae', '0', '1');
INSERT INTO `users` (`id`, `firstname`, `lastname`, `email`, `password_hash`, `phone`, `is_deleted`) VALUES ('92', '', '', '.@example.com', '11fc1b348d1f8da986e760e489e93aebf2ca7f26', '0', '1');
INSERT INTO `users` (`id`, `firstname`, `lastname`, `email`, `password_hash`, `phone`, `is_deleted`) VALUES ('93', '', '', '.@example.net', '04e1810d275c94963f7157db20c3246d0770ad5e', '0', '0');
INSERT INTO `users` (`id`, `firstname`, `lastname`, `email`, `password_hash`, `phone`, `is_deleted`) VALUES ('94', '', '', '.@example.com', '010475dc45f24ed1c8431705244979985facf7c9', '0', '1');
INSERT INTO `users` (`id`, `firstname`, `lastname`, `email`, `password_hash`, `phone`, `is_deleted`) VALUES ('95', '', '', '.@example.org', 'f49159f8e8813c6b719888347c9049604d022c6c', '0', '1');
INSERT INTO `users` (`id`, `firstname`, `lastname`, `email`, `password_hash`, `phone`, `is_deleted`) VALUES ('96', '', '', '83@example.org', '5735a16e1806961b1c36811cc5408fc4cae9180c', '0', '0');
INSERT INTO `users` (`id`, `firstname`, `lastname`, `email`, `password_hash`, `phone`, `is_deleted`) VALUES ('97', '', '', '62@example.com', '264c36b81463f113a0f41421565a772ccbf3b0c5', '0', '0');
INSERT INTO `users` (`id`, `firstname`, `lastname`, `email`, `password_hash`, `phone`, `is_deleted`) VALUES ('98', '', '', '.@example.com', '555ae4643228f81601ab6eae5246b46bfedc3c53', '0', '1');
INSERT INTO `users` (`id`, `firstname`, `lastname`, `email`, `password_hash`, `phone`, `is_deleted`) VALUES ('99', '', '', '.@example.net', 'fb54571e5f49e6bac0d4fe216a4d6e5107655a2d', '8', '0');
INSERT INTO `users` (`id`, `firstname`, `lastname`, `email`, `password_hash`, `phone`, `is_deleted`) VALUES ('100', '', '', 'l@example.org', '5ede517eb5a31dc1c667ef30ae5e90cb849ae7b2', '8', '0');


